-- MySQL dump 10.13  Distrib 8.0.28, for Linux (x86_64)
--
-- Host: localhost    Database: proyectoTW
-- ------------------------------------------------------
-- Server version	8.0.28-0ubuntu0.20.04.3

/*!40101 SET @OLD_CHARACTER_SET_CLIENT=@@CHARACTER_SET_CLIENT */;
/*!40101 SET @OLD_CHARACTER_SET_RESULTS=@@CHARACTER_SET_RESULTS */;
/*!40101 SET @OLD_COLLATION_CONNECTION=@@COLLATION_CONNECTION */;
/*!50503 SET NAMES utf8mb4 */;
/*!40103 SET @OLD_TIME_ZONE=@@TIME_ZONE */;
/*!40103 SET TIME_ZONE='+00:00' */;
/*!40014 SET @OLD_UNIQUE_CHECKS=@@UNIQUE_CHECKS, UNIQUE_CHECKS=0 */;
/*!40014 SET @OLD_FOREIGN_KEY_CHECKS=@@FOREIGN_KEY_CHECKS, FOREIGN_KEY_CHECKS=0 */;
/*!40101 SET @OLD_SQL_MODE=@@SQL_MODE, SQL_MODE='NO_AUTO_VALUE_ON_ZERO' */;
/*!40111 SET @OLD_SQL_NOTES=@@SQL_NOTES, SQL_NOTES=0 */;

--
-- Table structure for table `comentarios`
--

DROP TABLE IF EXISTS `comentarios`;
/*!40101 SET @saved_cs_client     = @@character_set_client */;
/*!50503 SET character_set_client = utf8mb4 */;
CREATE TABLE `comentarios` (
  `id_comentario` int NOT NULL AUTO_INCREMENT,
  `id_incidencia` int DEFAULT NULL,
  `id_usuario` int DEFAULT NULL,
  `mensaje` text,
  `fecha` date NOT NULL,
  PRIMARY KEY (`id_comentario`),
  KEY `id_incidencia` (`id_incidencia`),
  KEY `id_usuario` (`id_usuario`),
  CONSTRAINT `comentarios_ibfk_1` FOREIGN KEY (`id_incidencia`) REFERENCES `incidencias` (`id_incidencia`),
  CONSTRAINT `comentarios_ibfk_2` FOREIGN KEY (`id_usuario`) REFERENCES `usuarios` (`id`)
) ENGINE=InnoDB AUTO_INCREMENT=40 DEFAULT CHARSET=utf8mb4 COLLATE=utf8mb4_0900_ai_ci;
/*!40101 SET character_set_client = @saved_cs_client */;

--
-- Dumping data for table `comentarios`
--

LOCK TABLES `comentarios` WRITE;
/*!40000 ALTER TABLE `comentarios` DISABLE KEYS */;
INSERT INTO `comentarios` VALUES (34,7,NULL,'dasdad','2023-06-22'),(36,NULL,8,'Tu puta madre','2023-06-26'),(37,NULL,8,'Gilipollas','2023-06-26');
/*!40000 ALTER TABLE `comentarios` ENABLE KEYS */;
UNLOCK TABLES;

--
-- Table structure for table `imagenes`
--

DROP TABLE IF EXISTS `imagenes`;
/*!40101 SET @saved_cs_client     = @@character_set_client */;
/*!50503 SET character_set_client = utf8mb4 */;
CREATE TABLE `imagenes` (
  `id_imagen` int NOT NULL AUTO_INCREMENT,
  `id_incidencia` int DEFAULT NULL,
  `imagen` blob,
  PRIMARY KEY (`id_imagen`),
  KEY `id_incidencia` (`id_incidencia`),
  CONSTRAINT `imagenes_ibfk_1` FOREIGN KEY (`id_incidencia`) REFERENCES `incidencias` (`id_incidencia`)
) ENGINE=InnoDB AUTO_INCREMENT=17 DEFAULT CHARSET=utf8mb4 COLLATE=utf8mb4_0900_ai_ci;
/*!40101 SET character_set_client = @saved_cs_client */;

--
-- Dumping data for table `imagenes`
--

LOCK TABLES `imagenes` WRITE;
/*!40000 ALTER TABLE `imagenes` DISABLE KEYS */;
INSERT INTO `imagenes` VALUES (9,NULL,_binary '/9j/4AAQSkZJRgABAQEAZABkAAD/2wBDAAYEBQYFBAYGBQYHBwYIChAKCgkJChQODwwQFxQYGBcUFhYaHSUfGhsjHBYWICwgIyYnKSopGR8tMC0oMCUoKSj/2wBDAQcHBwoIChMKChMoGhYaKCgoKCgoKCgoKCgoKCgoKCgoKCgoKCgoKCgoKCgoKCgoKCgoKCgoKCgoKCgoKCgoKCj/wAARCAHgAoADASIAAhEBAxEB/8QAHAABAAIDAQEBAAAAAAAAAAAAAAECBAUGBwMI/8QAUhAAAQMDAQQHBAUHCAcHBQEAAQACAwQFEQYSITFBBxNRYXGBkSIyUqEUFUKxwQgjM4LR4fAWJCVicpKishc0Q1Nj0vFEV2RzlLPCJkVUdJOj/8QAGwEBAAIDAQEAAAAAAAAAAAAAAAECAwQFBgf/xAA2EQACAQMCAwQKAQQDAQEAAAAAAQIDBBEhMQUSQRNRYXEGFCIygZGhscHRQiNS4fAzQ/Ekcv/aAAwDAQACEQMRAD8A8jREWyaoRQSoygJJUZUEr41NTDTRl87wxo7UB9tpY9XXQ0jMzyAE8AN5PkvnSw3K8f6hF9GpSf8AWZRjP9lvNdHaNOUVveJ3h1TV5z18u8+Q4BXhTlPbYPC3NDRUV2uxa6MOt9Gd/WvH5x3g3kunslnprPC9tNtF8mDJI85c89p9StmArYW1CjGGvUo5N6BpyrKAMKVmKhERQAiglRlASSoyoJWqu99oLUAKmbMp92Jg2nny5eahtRWWSlnY2pd3rV3a/UNrAFTNmU+7EwbTz5LnobjdtRMe6je23UTHlji07Up7u7j3LNtlmo7edqKPbnPvTP3uJ5nPJYXWb9wiTUNHuY762+Xkjqs2qjOTtA5lcPw+Sy7Ra6e1xubThxe/35HHLnnvWxAU4WPGuXqzDKo5adACrKAFKkxhERAEREAREQBERAEREAREQBERAEREAREQBERAEREAREQBERAEREAREQBERAEREAREQBERAEREBUlc/cnm0XymujciCb8xU4Pb7rvL8F0DliXCljraOWnmGWSNx4HkVEllFoSw9djNkGDu4KoK1WmKqSe3PpKrP0yid1UmTnI5H0+5bXgieVkiUeV4LIoBUqSAiIgCIoJQEoq5UbSAsSoyoJWLV1tNSML6meOID4jv9E2JSzsZe0gO9czUapjedm2U0tS74new0eqwnTXq4P8AaqPozDuDIBv/ALyrzZ21Mioye+htFGUPFUe9rGlz3BoHMlYTaLEr5zzRwxl8rwxo4klYcNVU3GUxWenM5HvSu9mNvnzW7tulIg4T3iU10/Jp3Rs8Bz/jcrQhKfukvC3NLBJXXV+xaacmLOHVMowweHaugtelqSmlFRXOdXVQwQ+Uey3wbwXQNaGNDWANaBgADACuBlbUKEY6vVlHN7IhoU4UgKQsxQgBSpRAEVSUygJJUbSglaq7XygtYAqZsynhFGNp58uXmobUVlkpN7G1JWru18oLYMVM460+7Ez2nnyWjfVXu84LB9VUZ5g7Urh+HyWTbLNR2/2oo9qc+9M/e4nxWF1m/dRDlGO5iOrL3eT+bBtVGd+170rx+Hy81l2yzUdvO3FGXT85nnacfNbIBSRhY8ZeXqYZVXLTZGjmf9T3ttVvFFWERz9jX/Zd58FvpG7LliV1LHWUklPM3aY8YI/FYunqqSWnloKs5rKMhjjn32/Zd6KFo8B+1HPVG0ClRwUgqxjJREQBERAEREAREQBERAEREAUFSqnigBKjaUOIAyeCwqS50VY4tpqmKRwOMB2/0TKJSb2NgCpVAVOUILIoBUoAiglRtICyKu0pBQEoiIAiIgCIiAIiIAiIgCIiAIiIAiIgCIiAghVIwrqrkBz9xP1VfKa5tGKeb8xU4/wuPh+C6KRuye5YVwpI62jlp5RlkjceB5FYumaqSotz6Wpz9MondVJk5yOR9FVaPHeZH7Uc9xtRxVlTOFO0rGMknCjKg718KiphpmF9RKyNo5vcAgSyffaQlc5U6ppd7aCKWrk4DZbst9SsGStvVe/DXso4/hiG071VebO2plVGT30OpqaunpWF9TMyNo5udhaSq1RACW2+GSrk7QNlo8ysKm061z+sqcyyHeXyO2iVuILdDEAC3OPRTyyfgZFSit9TSvqr1cXfpRSRngyEZPqr0mnYy7bnBe87y6Q7RK6JjGtGGgAL6AKyppb6mVabaGDBb4YwMt2vFZjGBuABhWwpA3q5BzBrn1VQae1QOq584OzuY3xctrQaVdO5k98n69w3inZujafxXTUtJBRQiGlhZFEODWjAWQBlRC3S1lqHPuPlBDHBE2OFjY42jAa0YAX1AU7KkBZyhGFIClFICKpOE2lAJJVdpCdy1V2vlBa8CpmzKfdijG08+XLzUNqKyyUs7G1JWqu18oLWAKmbMp92Jg2nk+C0k1VeryB1P9FUhHE+1K8fh8lk2yzUdvO3DHtTHjK87Tj5rC6zfuohyjHcxpKq93jHVj6rpDz96Vw/D5LJtlmo7f7cMe1MeMr/AGnnzWzATZWPGXl6mGVWUtNkQAp2VYBSpMZUBSQpRAUIwtHfGPoqmC70zcvg9mZo+3GePpxW9cvm9oe0tcMgjBChrKLRlyvJcPjmhjmgcHRSDaa4cwjVpLC51vrpbPOT1Lsy0jjvy3iW+S3h9k4SLyhOOHoSEJUZUEqSpO0mVhVVwpKX/WamKI9jnAH0Xxivdsle1kdbCXHgNrCjmRZRb1wbPKkFfNjmuGWkEdoVgVJUuigFSgCIiAIiIAquVlBGUBiV8JqaOeAOLTIwt2hyyFGjtP2XUmlvotRSNpbtQuMMs8Q2ZGuyS12eee/sWURha+2VYsGtKWrc5zKK4D6PUfDt/YJ88fNcri9CpUoOdJtSjqsHZ4JcU6dwqdVJxlo8nyuEd00vMI7001NvLsR18Y9A8cj/ABvWxikZNG18bmuY4ZDmnIIXpM8Uc8T4pmNkjeC1zHDIIPIrzO/6YrNNSyV1ijfU2k+1NRg5fF3szkkfs8xzeF8dVVqlcaPv7zq8W9HXTTrWuq6ruPuDhWBWFb62Cvp2zUsgew+o7iOSywcL06eTyLWNGS5aTUV2ktDaeRsAlie4tfvwR2YW6K11+ozXWuaFpxIBtsP9YbwqyzjQvTxzLm2PrbrhTXCHrKWTaAOCDuLT2ELMBXzo7DFqyw0l9tk4or5s7M8gHsyyN3OD28ieOe/mtdBcJqatNuvUBo69vAH3JO9ruBWhZ8Rp3LdN6TW6OjfcKq2qVRawezNuCpVGlTldE5ZZFGVKAIiIAiIgCIiAIiIAiIgCIoJQEoq5TaQEkqpKE5XzlljibtSvaxva44CAvuWhuJ+qb3T3JoxTzfmKnHf7rvJRVanoY3FlN1lVIDjETd3qtTcqu5XiF1P1UdNTPxlp9tx39qpJ5Xs7menTknrsdnVyxU2XTSMjZxy44C0FXqijaSyiZLVy8AGDDfUrW0+nnSlrqtz53AYBlcTgdwW5pbZDC0DZG7kBgBW5ZPwLKlFb6mpluF5riAwso2dkY2neqiDT/WydZWOfNIeL5XZPouljiYwYa0BfQBWVNddTItNtDX09thiAGyCBwGMBZjI2sGGgAL64TCuCNlThThShJTCsFKIAiIgN2RvUgKUWYxhFBKjaQEk4UZUE7lqrtfKC14bUzZlPuxRjaefLl5qG1FZZKWdjakrVXa+UFrw2pmzKfdijG08+XLzWkfVXu8Y2f6KpDn+tK4fh8lk2yz0dv9uGPamPvSv9p581hdVv3SHKMdzGkqr3eMbP9FUhzv8AelcPw+SybZZ6O3+1DHtTc5X+08+a2QCnZWPGXl6mGVRy02QATZUgKykxkAKURAEREAUKVUlACoITKjOUBq79RyVNK2WlOzWU7uthd3jiPNZ1urWXO3xVcQxtDDm/C4cQvsRuWiY76lv3/gbg7Didwjl7fNVejyZI+0uU3y1WpZp6ey1MlLnrA3iOLRnefRbaRuy7C+b2h7HNcMtcMEdoUtZWCkXhpnntHS04GQxryd+07flZL6SBzcGJmPBfOamNsuMtGc7A9uInm0/s4LKachamMG22+8x6dk9ueJbfK5mDkxE5Y/uI/FdXZrtDcoTs/m6hm6SIne0/iO9c8QsaaORkramkd1dSz3Xdo7D3K0ZOJEoqe+53oOFIK1llucdzpttrdiZnsyRni0/sWyBwtlPKyjVaaeGXRQCpUkBERAEREBRy119ovp9smhBw/G2w9jhvC2R4qpChrKwyU3F5R1mh7wb5pmjrJCDUY6ubl7bdx9dx81v15t0ZVDaLUF7tLstEhbVwt5EHc7HqPRekhfNeI2/q9zOmtuh9X4bc+tWsKvXGpwWrdHyNnku+mgIq73pqUbmVA57uTv43LSWq4R3GlEjAWvB2ZIz7zHcwV6wQvPtc6cmpat+oLHEXTgZrKZv+2b8Q/rD9/bnscG4u6clQrvTo+44fHeCKrF3FuvaW67zFyixbfWw19Kyop3bTHeoPYVlcl7NPJ4NprRlNBVjbPquttUg2ae4/n6fHAPAO03zGfQLuNSWKi1BbXUdezI4skb70bviH8b15jqKOSKKC5UmRV0DxMwjiQDvHhhes2uuhudtpq2mOYZ2B7e7PLxHBeJ49byt7hXFPTP3R7/0duo3Vq7epry/ZnlW1WWGvFqvpGT/q1X9mZueZ5H+PHagrub7Z6S+W2Sir49uJ28Ebi13JwPaF5jSiqs1zfZLs4umYNqnn5TR8vNdnhHFldrs6mk19Thcb4K7N9tS1g/obcKy+YKuCu6edJREQBERAERQSgJRVJTKAklRlQSqPe1gJe4NHaThAfTKglaOt1Lb6ZzmMkdUSj7MLdr58FrJrzdqwbNNBHSMP2ne270VeZdNTLGlJ+B1kkjI2l0j2taObjgLSVep6CJzmQOfUyj7MTcg+fBaltlnrHiS4TS1B5dYcAeS21JaYYGhoAAHIDCnEn4GRUorfU1s12u9aNmCKOjYfte+9UZYpaqTra6SSof2yO4eS6WKFkY9hoC+gCns111Mi020NbS2qGFoGyMDkBgLOjiZGMMaAO5fXZU4VwQApwpAUqSSuFKlEAREQBERAEREAREQG7Jwo2kctVdr5QWvDamXMx92KMbTz5cvNZW1FZZRLOxtSVqrtfKC14bUzZlPuxRjaefLl5rSSVV7vGNn+iqQ53+9K4fh8lk2yz0dv9qGPamPvSv8AacfNYXVb90hyjHfUxpKq93jGz/RVIc8PalcPw+SybbZqO3+1DHtTHjK/2nnzWyAVsLHjLy9TDKrKWnQgBThAMKykxkAKURAEREAREQBERAQThVJUuWPWS9RSzS5A2GOdk9wygWpx18rJq66VELZpGU0B2A1jsZdzJwtlpa4SdZJb6uQvkYNqJzuLm8xnuXP2xpMDXu3uflxPaSsiqMsMkVXTbp4DtDvHMei1VNp8xuOKa5DvViXSjZX0MtNJuDxuPYeRV6KpjrKWKohOY5BkLIWzo0amsWYGn6ySsonQVf8Ar1KermHb2O81sDuWhvG1arhFeIWkxj81UsH2mHg7yW/cWua2SMhzHgOBHMFRF9GWmv5Lqc/qugdUUbamBuaimy4Ac2/aH4rQUswkYHNOQRkLvCNy4e60X1Vci1gxSTkuix9g82rFVj1MlOWVyn2ByhC+cbshfRYzIfCOodbLhFWs/R+5M3taefku4Y4PaHNIIIyCOa4mqYHwSNPNpXRaWl62wUbjvIZs+hx+CyUnrgpVWY8xuGqyqEys5rlkVcplAWRRlEAVXK6q5Aat1SLVq+yXJ26JzzSykDk/cPvJXr3BeOaqgfPZJ+r9+LErf1Tn7sr1KwXBt1slDXMGBPE15HYeY9crx3pLQxUhWXXQ916K3HNSnRfTU2PFQRhSEcvLnrDy/Wdkfp2uferVFm2zH+ewN+wc/pGj7/37kErJ4WSxOD43jII5hemPY2RjmPaHNcCCDwIK8nvdrfo67Ax7RsNY/EeST9Hf8J7j2/sOfYcD4rzYtqz16P8AB4r0g4Py5uqC06r8mc9oexzXDIIwVm9FNW+Flyscr9oUMu1Dnj1bsn5H71hg5CwaGpbadeWqrdlkNY11JK7kSfdz549F1OM2/b2sl1WqOPwG69XvI66PRnrXJc/rHTkGo7aIXHqquI7dPOBvjd+w43roMpjcvn9KpKlNTg8NH0qrSjVg4TWUzyG21k7KqW23WMQXOn3PZyePib2hbQFdLrPTMd/pGSQPFPc6f2qeoA3g/Ce4/L1zxFrrZZJJqK4R9RcqY7M0R+8doK9/wvicb2GHpNbr8nzbjHCJ2E+aOsHs/wAGzByrKgOFO0uscUklRlQSqucGgkkADmgL5UZWordQ26keY3T9ZJ8EQ2z8ty1M1/uNUC2io2wMPCSU5d6KvMtkZFSkzq3uDW5cQAOZWordR26leWdcZpB9iIbXz4LR/VNZXkOuFTNUAfZcdlvoFtKOzQU7QGtaBzDRjKnEn4GVUYrd5MKe+XSs9mjpmUrD9uT2nei+Is9TXOD7hUS1GOAedlo8l0kVPHH7jAF9gFPZrrqZElHZGqpLNBTtAa0AdjRhbCKBkfuNAX3wmFfYkqGqcKQFZSQVwpAUohIREQBERAEREAREQBFBKrlAXUEquUJQgnKA71Rzg0ZJAHatbVXy30sgY+oDn/DGNo/JQ2luSk3sWlqb3eHeyPqqkOf60rh+HyWRbLPR2/2oY9qY8ZX+08+a2hGSmyseNcvU1ZVHLToQApwpAUqTGVAwrIiAIiIAiIgCIiAIiIAiIgKnitZqN2xYq5w/3Th67ls3LWahjdLY61jBlxjOB81EtmWh7yOQoGhsMYHANCzCMhYdA4OhjLeBaFmrURtM++mKo0lwkoHk9TNl8I5A8XBdZyXB1sbnRh8J2ZojtscORC7C0Vrbhb4aluBtje3sPMLNSl/ExVo/yMmWNksb45GhzHAtc08CFqtOyupZ5rLUuJdD7dO4/bjP7P44LcLT6gpZXRxV1FuraQ7bMfab9pvmFklpqjHB59l9TcuGDha+80DbjQPgJw73mO+Fw4FZVFVxXGiirKc+xIOHMHmF9ip0kiusX4nntJI/2mStLZWEse08iFmg5X31XRGmqmXCIYikwyfuPAO/BYUcg2d5wFqtcrwbSedUfSb9G7wW60YCNO0uf63+YrT0FHcb258NnopajiDL7sbf1juXYWjo4uBoIorle5afYGGw0g3N8XbsrUq8Rt7V/wBSWvd1N+hwq5u4/wBOOnfsj6jgql4HEgLOj6MbYCDLcbpL2gzAZ+SzWdG+m2/pKaeb/wAyoecehC1Zekdqtk2bkfRa6e8kjQCohLtkTRl3YHDK+geORC6E9H+mSzZ+q2eIkfn718X9HGm3D2KWeE9sdQ/8SVRektv1i/p+y79FLhbTX1/Rps7soCs2foztpeXUlxudMfs4mDgPl+K+EvR7cImYodSVGRwE8QcPvWeHpBaS3bXwNefozex2SfxPltKMrGlsGr6HOIaG4xjgWSdW4+uFrJL4+heY7zb6ygkHHbjJafAro0b+3r/8c0zmV+G3Vv8A8kGjcysEkbmHg4EFbToiqnv07UUEuS+31Doc9rTvHzytHSV1LVsD6aeOQH4Xb/RbDoylDNQ6kpTuJfHMB3EHP3hc70gpqdo5dzR1PRqo4Xqh3pnozVJGUarLwZ9FPmRhYV3ttNd7bPQ10YkgmbgjsPIjvB3rPIUEKYycWmt0VlFSTjLY8doxPZ7nLYrm4meHfTykH8/HyI8vu7l89XQmSxzSMOJIS2VruYIPJd5r7T/1za+vpBs3Sj/OUzwcE43lvgceq4emqWXmxyOa3DpI3MezO9rsYIXv+FX6vaGJe8tz5vxjhz4fcKUfdeqPU7JWfWFnoasZ/PwMkOe0tBKzxvXL9Gk3XaGtR+FjmejiPwXUtXhK8Ozqyh3Nn0O3n2lKM31Sf0KkLi+kHTslbEy72xoF0ohnAH6dnNp8s49F2xCqQpt7idvUVSnuhc28Lmm6VRaM8ptldFcaKOphJ2HcjxaeYKxrhfrfQO2JqgOk+BntH5cFi9IVgbbdURuhkfDb7mS/YYdhglHEHG7fnPmvjRWKCAZDGg9w3+q+kWlx63SVWGzPmF1Y+q1pUp9DHl1DX1IIoKMRMPCSc7/HZH71jm219xA+n1UszPgHst9AukhpYo/dYPNfcNW12a66mNJLZGmorJBTjc1re0NHHzWyipo4/caAsnCYV0sbElWtCthAFZSQVwpAUohIREQBERAEREARFUlAWRVymUBKglRlQShBbKZWBWXOjo25qKiNvdnJ9BvWAL3NWODbTb6ipJ+24bDB5lVc0iUmzekr5TTRwsL5XtYwc3HAWuZa77XO2qqrioI/ghG271/esul0pb2EPq+trZeJdO8n5J7T2QzFbs10uo6PbMdK2WqlzgNiYTnzV2s1DXACOlgoWHi6V204eX7l1NPTQU7AynhjiaN2GNAX3AU8je7K866I5ZmlBO5rrrX1FXj7HuN9At3b7VQ0B/mlLFGfiAyfXis7CAb1ZQitkVc29zEREWI1QiIgCIiAIiIAiIgCIiAIiIAiIgKlUe0OaWuGQRgr6FVKA88hhdRTTUrjkwyFvlxHyKzWHIWbqynMM0VYxo6p3sSu5g/ZP4ei1sD8rVkuV4NpPm1PsRkL66bqhQ3WSjf+iqjtx45PHEea+axa6Jz4g+LdNEQ9h7CN6hPDyWwmsM75QQsS1VrbhQQ1LBgPbkjsPMeqzOS2086mm1h4ZoaAts18dRnDaGuJfFv3MkHEea38g2Tha+80IuFA+HOzIPajd8LhwKwotQxGzCaqB+nxu6l9OPfdJw3DvVMqOj2MuHUw1uZd5npILfL9PcOpeNkt4l2eQHaqaK0FPcI46q+9ZFQcYqZ26SVvLbI90cN3E9y6HSWkJHVTLvqRjZK3jBSneynHLPa77vu70LyPFeN8zdK2fx/X7PacH4AoRVW6WvRfv9fM+NNBFSU8cFNGyKCMbLGMGA0dwX3AyEwrAYXmG86s9aljRFdlThWRCSuFGFdEBXCjCuiAoQvm9jXsLXtD2HcQ4ZBX1IUYQg5S56C09XkvNCKaU7xJTOMZB8Bu+SjS2j22C7VFcLlU1bpohFsygDdkHeeZ3dy6zZTC2fXK/I6bm3F9DW9St+0VVQSkuuxLVZVAVlrG0FUqyhAUIXlerqJuntWtq2EMt11z1m7DY5h+3j5nsXqpC194tdHeaF9HcYRNTuOSMkEHkQRwK3uHXjs6yqdOvkc7idir6g6T36eZzvRQ140bEXjDHTyuj/s7R/HK7NqwrXQU9rt8NFRMLKeFuyxpOT28VmNWvcVVVqyqLZts2bWk6NGFN9EkWVXK6qRlYTYOb17Zje9MVdNGM1DB10J57bd4A8d4815/Zav6bbKed3vubh3iNx+5exELxmKnFq1NebVk9XHL10IPwO37vUBer9GbnEpUH5r8nk/SW20hXXk/x+TZhWCq1XXsTyQREQBERAEREARQVGUBZFXKZQgklRtKCVj1FVBTMLp5mRtHxOwo2JMnKqTlaR2oYJHbFBDUVkmcBsTDj1X0bT6hriB1cFvjPFzjtu9FXnT21Jxjc2rntYMvcAO0laypv9vgfsdd1snwxDaPy3L7RaThleJLpV1Fc4fZc7ZaPILdUNto6FuKSmii72t3nz4qcTfgV5orxOaZV3muaTQWzqo3e7JUu2fkvuzTddVt/pO6yFpOTFTt2R4Z/cuqwpwp7JfyeSO0fQ09Dp21URa6KkYZG8Hye0fmtu0YGApwpwrqKjsUbb3IwmypUqSCuFIClEAREQGEiIsBrhERAEREAREQBERAEREAREQBERAFVysoIQHwmiZPE+KVocxww5p4ELkrZpyoqLzW26gqmx1MbRNTQzj2Zo+YDuRHz3rsiFpr5JLbamivVJnrqGQFwH2ozucD5feta7hOVJuk8SWxuWM6cayVVZi9zQ10dXa6n6Nd6SWklzgFwyx3g4bipBDhuOQvc8UV5tjC9kdVRVDA8B7Q5rmkZG5cPe+jaEukn09UmkfjP0aXLonHuPFvzXnbXjsJPluFyv6f4PTXno5OPt2z5l3df8nGaaqfodzlo3/oqj85H3OHEfx2Lrc7lweoqO5WgtbcqSWlqI3B8UrRtMJHY4bl2FsrGVtviqQQA5m04Z93tyvR29WNSPsvKPL3VCdKXtrDF0rordRyVE3Bu4NHFxPABbrQmkXU9Sb9emNNzn9tkWN1ODw/Wx6LU6Qtg1NfBdKhpNpoHYp2uG6aXm7wG75d69TG9eX49xNuXq1J6df1+z13o7wlRj61WWr2/YAypwpAVl5c9eVAVkRAEREAREQBERAEREAREQBERAEREBBCrsq6ICmypAVkQBQpRAUK8x6SoW0erbNcA3DamN1NI7tI93/MvTnLi+lml67R8s7WB0lLLHM08xvwfkV0OFVuwu4S8cfM5vFqPbWk49yz8jnwVYFfCCUTQRyt3h7Q4ea+rV9MPm5dFUlNpCSygqCVGUIJJTK+ckjGNy9zWjtJwtTUahoInlkcjp5PhhbtZ/BVcktyUm9jc5UF2FpmT32ubmjtzKaM8H1LsHxwvu3TFRUgfWt0mlbnfHENhp7v4Cjmb91DRbsvW3ehox+fqGB3JrTtH0Cw23errX7Npts8zf8AeSew35rfUFhtlC5rqakjDxwc4bR9StoBuUqEnuyvPFbI5OKz3us9qur2UbDu6unbk+v7ysyk0na4PamjfVSni+ZxOfLguhwmFKpx66kOpJnziiZEwMiY1jBwa0YAX0ATCkBZChGymFZEBCkIiAIiIAiIgCIiAIiIDCREWA1wiIgCIiAIiIAiIgCIiAIiIAiIgCIiAq5fKaNssT43jLXAtI7ivqVBQGZ0V3F7IK2w1JzLb3ZicftROO70z8133JeP1NSbNqW03aFuSZPoszc422O/Zx9F7ARhfP8Ajlr6vctx2lr+z6XwC89atUpbx0/R854Y54nRTxskiducx7Q4HxBXGXXo1slY8vpDUW8u99tO/wBhw/snh5LuMJsrm0birQeacmjq1ralcLFWKZiW6ip7bQw0dHEIqeFuyxo/jistqYVgFibcnlmVJRWFsFKIoLBEUEoCUVcplCCyKuUygLIoClCQiIgCIiAIiIAiIgCIiAIiIAiIgKOWuv8ASsrbHcKaQZbLA9v+E4WycvhUt2qaVvxMI+StFuMk0UmuaLT6njWlpDLYqQnk0t9CQtvnC5PT14oqGyxR1EwEjXOGwASeJPBbGO5XCtd/RlslfH/vZzsNPgvqsJrlR8rlF5ZuiVjVNZTUrC6onjjA+J2D6LDjsV3rATcLl9Ha7/ZUzeH63/VZ9Fpe1UxDjT9fJxL5jtEnw4K/tPZFW4rdmpOoGVBDLZS1FZIdw2WkN9Svq2i1BXOxI6C3Rd35x/7PuXWMY1jQ1jQ1o4ADACsAp7Nv3mVc+5HNwaSpHSdbcp566X/iPw0eQW6o6Gmoo9ikgjhb2MbjKy9lMKyhGOyKuTe5ACnZUgKVYqVwpAUogAREQBERAEREAREQBERAEREAREQBERAYSIiwGuEREAREQBERAEREAREQBERAERQSgBOFGVBKwLjdaS3gfSJRtnc1jfacfJQ2lqyUnJ4RnkrXXK7UlAWsmk2pXbmxRjacT4Bfa3WTUGodiRzTZrc7ftv3zPHLDeXnjzXa6c0nabAA+kg26rGHVMp2pHdu/l5YXEveO0LfMYe1Lw2+Z6Cw9Hbi5xKr7MfHf5HFUGmr1qKelmuMLbZbopBM1r/ameRw3cvPHmvVc53qANysAvH3t9VvZ89Tpse4sOH0bGHJS67khWUKVpm6EREJCIiAqThQSjlxXSTLqCnoIZrHI+OkZk1ZhaDKG7t7c8sZ4b/JZaFLtqipppZ7zDXq9jTdTDeO47Nzg0ZcQB2lfP6RBj9NF/eC0+kujHSOqLXFczfbveopOJln2Nl3MObjLT3ZXQf6ENE//h1n/qnLpvhcI6SqPPl/k5a4nVksxprH/wCv8HzY5r97HBw7QcqQV8ajoP02DtWytu9vd2w1OR8xn5rHl6KL3SxEWrXFeHDeG1UIkB8TlUlwyP8AGp801+y8eJyXv0/k0/vgz8ptLnn2bpJtO0Jbfa71G33XwTCJxHgcb/Ja1+tJrdJ1WpNPXa1vG8uMJez1wPxWGXDa8fdWfJ/jczx4nQfvNx8019dvqdntKQVzds1np+5ECmucDXk42Jsxn/FjK38UjJW7UT2vb2tOQtOpSnTeJprzNuFWFRZhJPyPsCpVBuU5VDIWRVymUJLIq5UgoQSiIhIREQBERAVcvjO4NgkceAaSfRfZy0esLoyz6br6x42i2MsY34nu3AepV6cHOajHdmOpNU4uctkeY6CoqcWZlUYIzO97/wA4WjaxnHHyXVtC1Ol6J9BYqSCTdIG7Th2EknHzW3avrNOPLBI+TzeZNjCYVkVyhXCkBSiAIiIAiIgCIiAIiIAiIgCIiAIiIAiIgCIiAIiIAiIgMJERYDXCIiAIiIAiIgCIiAIiIAiKCUBKq5MqCUBo3zTXPUgs0dwhtkYZtunk4vPwtzuz59vgvQtN6PtNjLZoIjUVuN9VMdp57xyHkuMr7dSV7Q2rhZJjgTxHgVq3VdfpdgNtvvVRN3tpKo7bCOwcx5LhcWsLm5WadTC7tvqej4NxK0tdKlPMu/f6HtaLzSwdKNPOGi+UT6Np4TxAvYfEcR816HRVdPXUzKijmjngfva+N2QV4y4tK1s8VY4+x7q3vKNys0pZ+/yMkBWVAVOVrm0XRVByrIAiIgCKpKjaQEkKpCtncoKgg4+qprjoy8Saj0nHtwv33C2Dcydoz7TRycM53ePaF7LpPUdu1TZYbnaJusgk3Oadz43Di1w5EfvXErkJaip6PtRu1DbGF9kqnBt0pGHAG/AlaO0ZJ/67u1ZXfbYo1N+j7/B/j5HGvLXsG61P3eq7vFfn5nv4U4WJbq6muVBT1lDK2alnYJI5G8HNPArLatzGDAnnVAhQ4AjBG5XKjCA5m96H0xe3mS52OhmlPGQR7Dz+s3BXIV3Qnp8yGWyVlzs03EGmqC5vo7f816psphXVWaWMmKVCnLVrU8aq+jjWVF7dn1dFWbPCKvp8Z/WG1+C180PSLbYv55pilrw3i6jqRk/qkk/Je67KFY5QpT9+Cfwx9sF49pD3JtfHP3yfnv8Al9TUhcy+Wm7WuRvvCanJHrx+S29r1XY7oB9DudM55+w92w70dhe1PaHt2XAEdhC5a79Hmk7u90ldYaJ0ruL42dU4+bcLXlY28tsx+v3/AGZo3dzDdqXwx9v0cwxzXtDmODm9oOQrhY9T0L26nm67Td6utnd/u2SdbH6HB9SVrKnRPSFaX7VuvFuvUOf0dTH1L8eX/MteXDH/ANc0/PT9r6mePE8f8lNryw/0/obvaTaXJVt61VZSTf8AR1Y2AcZqF4naO84zjzIVKPpE03UyBjq19O/mJ4nNx54IWvOwuIa8mfLX7GzDiFvLTnx56fc7DaU5WBQ3Sgr2bVDW09QP+HIHfcs1akk4vDWDbUlJZi8lsoSgUOVSQSvNNdVwvuoqayUxc6loXiescNw2vss7/wB/ctvq3WH0Kb6rsQZV3l/LiyAfE48M93r2HR2S2i3Urmuf1tRK4yTyni954lep4BwuU6iuaq9lbeJ5fj/FIxg7ak8t7+HgbIBWAVWq69weJCIigBERAEREAREQBERAEREAREQBERAEREAREQBERAEREAREQGEiIsBrhERAEREARFBKAlFXKbSAklRlQTlfCoqYKaMvqJWRtHN7gECWT77SErnKnVEDvZt8EtU/txst9SsJ9Rebg/8ASilj+CEZP94qvNnbUyqjJ76HTVldTUcZfVTsiA+I7z5LSVGp2vOzbaWWoPxv9ho9V8KTT0Yftz+3Id5c87RK28NDDEBhoJHMq3LJ76GVUorxNE43m5E9bUmBh3dXAMbv7XFZFJp6GN229oL/AIne0fmt+1gA3BWwpUEjJtojEiooI2kdW05GDkZWLHbJKGc1FjrJrdOePVHLHeLStqQoSpThUXLNZRaE5U3zQeGRDrbUNogc660lLXwR8ZmP6p+O0jhnyXo9luDbtaqWujikhZOwPDJBhwXmFjoGaj1eylmZt2+3t62oaTue8+60/wAdq9cAA4LwXHKdtRq9nQjh9f1g9zwKpc1qTqV5ZWy7/PJZquqhWXDO8EREBRy+NSJTTSinc1sxYdgvGQHY3Z7sr7kZVSE2IayeZ6ai1FdbvLaLlq42i/B56mmqKRroZ24yCx43Z47sLp6ql6QdPxONwstNeqaPjPQSYkLe3Y4k+DVk6r0/Tagtxhl/NVMZ2oKho9qJ3HI7t28LpuinWk15ZNYdQkR6kt4xKCR/OWcpG448s+vPd6CjOhd088iyt1jHxWMPH2PPVada0qY7R4ezzn4NPKz9zjrTrey3CYU8k76Kr5wVbeqcD2ZO75ro3sjqIXMe1skUjS0g7w4Fd1qLTFl1HCI73baesDfdc9uHN8HDBHkV5vceiu6WQSTaFvkkcYO023V3txHuDuXp5rBU4dTlrSlh+P7X6NiHEKsNKseZd63+T/ZjdGtxn0frFuk6mQyWW4h01tc92+F4yXR+B+/HaV7WDhfl3pBuV2pKKJmorJUWu7UUzKiiq4vzkLnAjIDwd2fE8OS/ROkL5FqTTVuu9O3YZVRB5Z8LuDh5EELf5anZqVVa7Px8fj9zShOn2koUnpuvDw+H2N2CrKjVdUM4REQBVIVkQFcJhWRCCmEwrqCgKELW3Kx2q5scy422iqmnj10DX/eFtMJhE2tiHFPRnA13RLoqryfqVkDuTqeV8ZB7sHC0MvQ1HTSOksGp7zQZG6N7xK3Py+eV63sqCFftZtYbz56/cxOhBapY8tPsfkqy1uqbjFOX6ilhkgmdC9nUtcQW96zpqC81rDFctRVk1OSNqONoj2u7ctpqq2O0x0mXalezqqG6n6ZSO+y5x99ue3Jdu8O1fUL0lrZ2tSEaiprPkeZubq6pzlTlUePNmFbLXR2yMto4Gx7XvHiT4krOAygGVYBdNJLRHNbzuAMKURAEREAREQBERAEREAREQBERAEREAREQBERAEREAREQBERAEREBhIiglYDXJRVym0gBKZUEqkkjY2lz3Na0cSTgIC+0hK0VVqWhjLmU5fVSjdiJuRnx4LXSXO712Gwsjo2HmPbd+xV5s7amRUpPfQ6meaOFhdNIyNo35c4ALSVWp6RuWUTJauTh7Aw31KwGWJ1RJ1tdI+eQ/akdn5Lb09uhiaBsg4U8sn4GVUorfU1Elbea87LCyjZ2RjacfMqafTzXv6yqc6WTm+R20V0TYw0YaAArgKygupkWmxgwW+GID2c47VmBgA3ABWwpwrgjCnCAKyElVIUogKlY9ZM2mpZpnnAjaXeiyCtJqYGenpqGPJlrJ2QtA7yP3KlSahFyfQmEXKSiup3nRZbm0elIap7c1Vc41ErzxOSdn5feuyavlBCyngjhiaGxxtDGgcgBgL6tXyuvVdapKo+rPqVvSVGlGmuiLKURYjMEREAVSFZEBQrmdWWirmfTXixSGC/W87dPIPtjnG7tBGfXHNdORlVIwstGrKjNThujFWoxrQdOezOn6PdW02sbAyuiZ1FVG7qqqmJOYZBxG/lzH7QV1K8ENc/Q2t4b/ABl/1JcnNp7mwcGO4Mkx8/XtXvLHBzQ5pBaRkEHIK9ApRqRVSGz+nejgpShJ057r69zKTwx1EL4p42SRPGHMe0OBHYQV86CjpqCkjpaKCKnp4xhkUTQ1rR3ALKATZTPQnC3DVdVAVkLBERAEREARFBQEoq5TKEFkUAqUJCo5XVSEByfSHo+k1nYjRVDzBUxO62mqWty6F45+B4EfsC8JqhdtM3SK0aspxFPJugq2HMVR3g8jw/cv1ARhaLWWmqHVdhqLZcWZa8ZjkA9qJ/J7TyI+Y3Lds72du8dDnX1hG4WV7x4eD2KwWk01PVGnqaK47X0+gmdTz545Bx+7yW5BXq4yU4qSPJSi4tpl0UAqVYgIiIAiIgCIiAIiIAiIgCIiAIiIAiIgCIiAIiIAiIgCIiAIiIDAJUE5Wqrr9b6SUxvn6yT4Ihtn5LVSXy41WW0dI2Bp4PlO070C1+ZdDGqUmdQ5wa0lxAA5krT1moqCneY2yOnlH2IW7W/szwWp+qKquc11xqJZ+wPOGj9ULZ0lpgpwA1owOQGExJ+BkVKK3NfNd7rWjZpYGUjD9p3tv9OCqLJNVvD7hNLUO/4jtw8l0UcLGDDWgL6AKyguuplSUdjXUtrggaAGggcsYCzWRtYMNAAX1wmFYEYU4U4UqQVwpClEJCIoJQEoqbSZQEkplQSqvcAMk4CEFiVj2GEV3SLbIyMtpIXznsBxgfPCw6y+UFI/YknDpPhjG0fktr0UFtw1LerjsPaGRRwsDxhwB3n/ACrlcYrqnZzw9cY+Z0+EUXUu6affn5anqYCkBGqy+cH0cIiIAiIgCIiAKjldVIQGBd7fBdbbUUNWwPhmZsuB5dh8Qd62HQhfqios9Vpy6uH1pY3CAnayZIj7jvIbvDHaqELkrzUnSut7JqmOP+auP0GvLdxMb9zXHw4/qhdPhtX2nQfXbz/zt8jlcSpYSrr+O/k/1v8AM9+BVgV82kEAg5B5q2V0jTLoqZU5QksiqCrIAiIgCo5XVSMoDHqpTBTSyhjpDGwvDGe87Azgd5XM6I11aNXRyMonyQV8P6eiqG7EsZ8OY7x54XWELgekXQ5uzm3zThbQ6qpD1kFSz2euwMbD+3I3ZPhwWSCi9JfMw1XOPtR18DvgcK4K4/o41dHq+w/SXR/R7hTvMNZTbwYpBy38jxHmOS65qpKLi8MvCamlJbF0UJlQXIcuG1fp3Vlyun0nT+rTaqfYDRSmla9u0OJ2uO/wXclVKmMnF5RjnBTWGfmXUmm9U6Ou9feb+1t1oax7XVFdSgDYd8TmYGOPh3r7UtTFVQMnp3tkieMhwX6Rc1r2ua9oc1wwQRkELwjpG0BPpOWfUGlInSWonbrbc3/ZD44+7jkcvDh27HiWMU6hwr/hmM1KeprAVYFYtFVRVtLFUU7tuKQZaVktXe31ODsWREQBERAEREAREQBERAEREAREQBERAEREAREQBERAEREAREQHI0tmp6Y4a0Y7AMLYRwMjGGNAX2I3phY9jMVAU4UgKykFcKVKIAiqSmUBZQoyoygJym0quKxqqupqRhdUTxxgdp3+ih6Ay8qCVovr4VJDLXR1FZIeBDdlvqV9mUF/rnZmmgt8XHDB1jlXnT21GMbmzlljiGZHtYO1xwtRNqKia5zKfraqQcGwsJz5rOp9JUIcZK581dKftSvOPQLeUtLBSRiOmhjiYOTGgKeWb8COaK8Tl2i/1wAhpIqFh+3M7acB4fuWQzSvXua67XCoqwP9mDsM9B+5dOAp2VPZr+WpXtH0MC32qhoB/NKWKM9oGT6neszo033nU5/8Qz7ir4Xz6NXAX7U8fProneRDlxvSFYsZY719zs+j7/8Aujnuf2Z6E1WVWqy+en0IIiISEREAREQBERAUctZqG1xXqzVdBOAWzMIB7HcWnyOCtoRlVIVoycJKUd0VnBTi4y2Zn9CV/fetFQ01Y5xuNrcaOpDuOW+6f7uB4gr0HkvEdJVjtNdLhp3PAoNRxEkOPuzsG714eLl7dncvSOSqJVI7S1/f1POU04Zpy3jp+voUke2NjnPcGtaMkk4ACmN7ZGNcxwc1wyCDkELhOnOsdRdF17dH70rGQ+TntB+RK6TRtGLdpGy0gORDRwsye5gU8nscwVTNTk8Mm6G5NpRncuY1JrvTWnGn61u9NHJyijd1kh/Vbk+qiMXJ4SLSnGKzJ4Oo2kyvK6jpntM2BYrNfLu88OopSG+vH5K8GttfXA5tfRldNg72uqZDHkebB96zK1qvoa8r2jH+R6llMr8903TzeKu7RWyDTtD9MlmEDQ+rw3bJxjaxjjzzheiPreltriBoChOOYuUeP8yt6pV7inr9HvO/O9QRuXnct46VoDiTo5jk74q9h+4lYVRrbX9ANq5dGVz6se86nkMmB5MKj1Sr3Eq/oPr9GYmsGP0F0hUWqaTbbZbvIKW7MG9rX/Ykxy7c9x+JeuNO7cvEda9JGnNUaEvdprxU2q7Opy5tHWwua7rGkOaAcYySBxxxX00z0uGo0zZ7fZrPcr/qMQMimhgiIaHAYy52DxxncMd6vKjUnFaarQpC4pU5P2tHr+z2vKErzh9u6aL5siltdl09C8e/NM2V7fm7/KthD0Oa1uMJGoOkmsZtcY6Cn2B/eBb9yKym92kVlxKmtk2dpJKyP9I9rP7Rwsc3GiBwa2mB/wDNb+1cxS/k2aYe7rL1eL7c5fikqGtH+Un5r5at6EOj3TGlLrem2Otrn0FM+cQGtlHWFozg4PD8FkViv7voYnxN9I/U65ldSSHEdVA89jZAV9nNa9ha4BzXDBB3ghfkjoOslh1l0hiyX62ymnr45DC6lndH9Gc1pfuznIwMb88l+hWdAtfaS/8Aktr+90Ef2IZ2iZg7BgED5JKxxtIR4nn3onjNxt0emukK+2KmaYqH2aqkjJJDWuAJA7snHks5qx9e6ev+melG30+qbxHeKqagLoqlkexiPacA0jHHIPbxWQ1eis89klLdHn7rldVuOzLIiLZNcIiIAiIgCIiAIiIAiIgCIiAIiIAiIgCIiAIiIAiIgCIiA1KKCcKMqhmLKpKjKZyhBOVG0vnJIyNu1I5rR2k4C1VRqGgjkMcT31EnJsLdrPnwVXJLclJvY3OVDiAMladkl9rm/wA0oGUrHcJKh28D+yvszS8tTs/W1znqGjjHGNhpUczfuoaLdk1t6oKM4mqGF3ws9o/JYsdzuFc4i12yV7AcdbOdhq6GgstvoDtUtJEx/wAWMn1K2ICtySe7Ic0tkcpHYrvWNJuNz+jtcN8VM3h5/wDVZ9Fpi10pDvowmkG/bmO2Se3fu+S3uE2VKpxRRzbKNa1jQ1rQ1o4ADAVhvU4UgYVypGymFZEBAClEQFXLA0lK629INXTu3w3OASNPY9n7tr1We5aHUrJqZ9HeKIE1Nuk6zA+0z7Q9PxWjxK29Ztp01vg3eHXHq1zCp0T+h60DhWBWFbK6C52+nraR21BOwPYTx8D38lmBfL2nF4Z9QjJSWVsXRQpUFgiIgCKpKjaQF0VNpNpAXVSo2kKEHF9KLfo9mobqzImt1bFO1w4j2gD+C9/glbPDHLGQWSND2kcCDvC8c1bQtuOmbnSu+3A4g9hAyPmF2/RFXPuHRtp+eVxc8UwiJ7dgln/xXcsZc1vj+1/f/WcS8jy3Of7l9v8AUa3p5pZKvotvDYW7To+rlI/qtkaT8t/ktNSdK0ddR262aIs1dqC8Ohja6KONzI4iGjO04jlv37hu4r029UDLpZ66gmaHR1UD4SD/AFmkfivIuibpcptHdH8GnKTTtXcdU09TLC6mpYtkP9skOkeASTvI4E+zyXXtoRqQxLoce9qTozUodVj5f+nV0fRVrzV8Mj9dapNppJTvtlraDhvYX5x/mXcWLon6O9HMiqPquh66LeKq5SCRxPb7Z2QfABcDUV/S7qyozUV9DpG3kZ6ulAmmx2E79/m3wWHS9DVnnqjVamud1v8AVneX1dQ4A+hz/iWw69KmsJ/I01a16zzJfM9OvHTJ0e2HMUmoaN7mburo2umx/cBHzXM1v5RulAzFqtt9ubjwENJsg+ZP4L6WnQmlrS4PoLDQRyDg90Qe71dkrpWMawAMaGjsAwsMr2PSJsR4ZJ+9I/GDtP3KbVTrjbNL3z6r+ldfFB9HeXhm1kN2tnHdnC/S/wDpp1rINqDovr9nl1lSQf8A213OM8VICq76T6F1wyPWRwjunHVdIQ65dGN0ZD9p0M7nkeXVrZ2/8ozSLwBeKO82mTOCKikLmjzaSfkuoIXwqaeGqidFUxRzRuGHMkaHNPiCive+JEuGL+MjWa2uPR90iaGvNXBUWa61NPQTSQPcWieJwjcW4Bw9u/ktF0L640lo3oW0/JfLrQUM8jJXPibh00hEr95Y0Fx3Y3kLmelXo80hSaOvN2jtMdJV08DpI30zjGNvg32QdnGSOS880XJYdMW231Gr9AVoD2Nk+tXtdNG8HeHFjvZG7G5bUK6nHMUaU7WVOfLJr6ntdf8AlF26aZ0eltL3y9DOGStj6tj/AA3OPqAvh/pR6Trmw/VegKSiB4Prqrh5ZaV1llrqC4WunqrRLDLQyMBidDjZx2Y5eHJZ61ZXsloom9DhsXq5ZPNJrr043A4+mWC2NPNjGux6h6gWrpfk/Sa/oxniBSMI/wDbXpuMphY3eVGZlw6ku88MsXRrrrSN3nvGl73ZI7jMC1+aQNGCckNywhoPYMcF2FLq7ppoSPpdo07cmjd7L+rce/O2B8l6HjCgkKVe1OuCHw6l0yfm/pH1BqDUXSVZqjVFjjs1XFRPjZHHMJRI3LjtZHeSF9Gr5axrW3vpdvFVE7bp7dCyiY4HI2h72PMvX1avS2WXRTl1PM3aUarjHZFkRFtGsEREAREQBERAEREAREQBERAEREAREQBERAEREAREQBERAaZyx6mrp6ZhdUTRxgfE7CwmWa9VhLq+4MpGnd1VM3Jx4/8AVZtHpW1U/tSQuqZc5L53bRPlwWLMnsvmZm4rdmrkv8crurttPPWyndiNhDR4kq8VLqG4e91Nui/vvP8AHkusjjZGwMja1rRwDRgK4Cns2/eZXn7kc3BpOldJ1tynnrpf+I7DR5Bbujo6aij6ukgjib2MbhZWymyrKEY7Iq5N7kAKdlSApVipXCkBSiAYREQBERAEREAREQFXKjmhzSCMg7iF9CFUhAavSN0dpW6OtVwds2apeXUk7juieeLD3H9/Mr1EFec19HDX0klPUsD4njeOzvCrpTUM9hq4rJfZS+kedmirHdnJj+zx/Dh47jvBnl3NBea/J7DgfGEkrau/J/g9JBVlQFTleQPXF1BKAqrlIBKqTgEoSACScAb8lcna6G49Jlxqaagqn0GlqZ/Vz1Uf6Sqd8LM8u/s7c4WzbW0riWFolu+41rm6jbxTerey7z6XLWdvgqTR2uOe73HOyKeiYXnPeQMfevgb9quOPrp9C3RtO3e5zSS4Dubs5XtOnNPWnTlEKWy0MNJD9rYHtPPa5x3k+K2/JdaNpbQWOXPi2/wcqVzczeefl8El+TwuzaytF1qWUrZZKaud/wBmqYzG/PZv3H1XSA7l1GvdHW/WNnfSVjRHVM9unqmD85C8cCD2do/HC8x0ldK51TW2PUDWsvltcGS4ORK3lIO3O7h2g81p3dlGEO0pbLdd3j5G3a3spT7Ktu9muvh5nRzR9bDJH8bS31Ct+TrVGTo9NG8/nKGsmgcOzeHf/IqQcLB/J6b1bdYRZJay6ux8/wBiycMfsVF5fkx8SWKlOXmvt+j17kvJ6XOj+m2pheWNtuqYutY47tmoZxHnk/3wvWOS5jX2kabWFpipJpnUtRBM2enqmN2nxPB4jxH4di6VKSTxLZmhWg5JOO6OnHBThUjBDQHHJA3ntX0CxmYjCnCsiElcJhWRAVKgqyq5CDyTpQuEmq9QUOgrO/aZM9s12mjBPURNIcGnkCdx/ujmvUxTQ/RPoxiY6DY6vq3NBbs4xjHYtdY9O2ux1FfPbaURTV0pnqJNoudI7fzJO7ed3DetwAsk5ppRjsjDTptNylu/seP3jTF46PLjPfdBxuqrRI7rK2yEnAAHvR89289o7xuHoWjtUW3VtliuNqlLoz7Mkbtz4n82uHb963xC8x1HoS62y+VGouj2sioq+fBqrfK0dRVHO8/1Tv8AXmMq6kqqxPfv/ZjcJUXmCyu79fo9PCnK8qk1j0i0oBqdARzAbiaeta7PfgZK+H+lW+UxIuHR9fY3DiYw549dgKOwm9sfNFvWoLfK+DPWyVw/SrrSLSNhcKctlvFYDFR04PtFx3F/g3Oe84C5Kv6bDHRTOpdJXr6UB7DZ49mPP9Yjf8l5Var3De75Ndr9cOuvc5wGytLGwt3gMZy4fxxJ2rSydSft6I07ziEYQxT1bNvpu3G2WtkUh2qh5Mkzs52nnjv+S2zVUEEKwXqUlFYR5ZvLyyyKFKkgIiIAiIgCIiAIiIAiIgCIiAIiIAiIgCIiAIiIAiIgCIiAqRkpsqyICuFKlEAREQBERAEREAREQBERAEREAREQBQQpRAUKxbhRwV9JJT1LA+N49O8LMIyqkYTfRk5NdadR3DSzmUt8dJW2fc2OsAzJCOQcOY/juXo1FV09bTR1FJNHNC8Za9jsgriHtD2lrwC0jBBGQVpBZ6m1zvqtNVj6CZw9qL3opO4g8F5jiXo9Cs3Ut9H3dD0vDfSCdBKnce0u/qv2etgqCcrgKDpB+iHqNU0MlFKAMTwtMkT/AE3jw3rsbbdKG6QiW3VcNQw7/wA28EjxHELyFxZ17Z4qxa+3zPXW97QuVmlJP7/I5/pGqpjaqa0UDnCvu1QyliDOOCRteW8DzXtmn7PSWCy0lst0YjpaZmwwdvMk95OT5rxuojE/S9omN3us6+XzDCR8wF7PfH1DLJcHUcTpaoU8hijad7n7JwB35wuvaQUbeCXXL+uPwcq5k5XE5P8AjhL5Z/J5vcdX6l1VerhbdANo6a3295iqrvWb2be/IYMHIHbg9u4Yzy+jtcdItVWV0VspINU2+nkcwVhjFO15Hwu9kHwwSsm8W+t0n+TnHQGN9JcKpzY525w4GWXJB/VwCvYtNWmmsdhobbRRtjgpogwBvM8z4k5PmujKUIReIp64+XU5sITqTWZNaZfx6HMaN6RKS+3F1outFPZb+zjRVX2+9jsDPhuPitN00WCoibS6wsseblaxioja39PTn3gf7O8+BPYFtul7Ss+obFFVWanY/UFvlZPRybQa7c4FzQ4keO/mF2tPtz0UX0uJrJJIx1sedoNJHtN7xxCwtxWJJaPRo2EpvMJbrVP/AHqjy21V0F0t9PW0btuCdu0wkb/A94Kr+T5+cbrCdgPVSXV2ye3GT+IXNzwf6PNXV1nqSIrDWNfWW6Rz8iPAy+Pf2fs7V2f5PVHJT9HjKmdhbJXVUtTk8XAkNB/wrUt7b1d1O54x5amxXufWOyzus581hfXOh6fjITZRquspJTCkBWRCQiIgCIiAhQQrIgKYUgKyICpCYVkQgrhRgK2EwgwVJOFodRaTsWo4HRXi101TnhIWYe3weN49VvyFBClNp5RWUFJYaPzlrnR1Z0duhrqKrkrdNySiJ8c2+SlLju38x6fiqtIIyN4K9W6amQP6L7+KgAtELXNz8Qe3Z+eF43Y3PdZqEykl5gZnP9kL0vC7iVWDU+h5filvCjUXJ1NgFZVarLqHLCIiAIiIAiIgCIiAIiIAiIgCIiAIiIAiIgCIiAIiIAiIgCIiAIiIAiIgCIiAIiIAiIgCIiAIiIAiIgCIiAKCFKICuyoIwrqCMoD5ua1zS1wDmncQRkFaSq0zQSSddSCShqBvbLTOLCD4cPuW+2VBCrKEZrElktGTi8pnORVl2sOqNO3q73H6dSUNUGukLdl7GPOHZ7RjP8Ffq5pDmhzSC0jII4Ffmu4UcVdRy007dqORuD3dh8uK9A6DtWGrtn8mLs/YvFsbsM23fp4R7rm9uBgeGD2rgcTs40oqVNYSO/wu8c5OFV5bOj6XrFU6i6P7pQULQ6rAbNE3PvFjg7HiQCB3rM6OdSQap0lQXCF353YEVQwn2mSt3OB+/wACumXmN80bfLDqCe+9Hk0DH1j9qttdScQTO3+23hg7ycbuPHkuXBqUeR6dx1aicJ9pFZ6M9P3Jhef2W+6/mutNBdtKUFPROeBNUR1rSWN5kDJJ8Oa9AB3KkouO5lhUU1lI5zW2kLVrG2x0V4jkLIpBKx8btl7TzwewjcVvKKlhoqSGlpYmxU8LBHHG0YDWgYAHksjGUwocm1jOhKhFPmxqGq6qArKC4REQBERAEREAREQBERAQoJwpVXIBtJtLze49MOl6WpqKaE3GtqYXljo6alc7LgcYBOOa17OkfVVwHW2To+uMtL9mSql6ou8AW/iVl7Cfdj6Gu7qmtE8+Wp6zlVJXlsesukSb9H0fBn/mVzW/fhanVJ6WLraKypiZQWSCGIyfRqaUPnlA4gP3gHGTuI7FKoPOG0viVdysZUW/gzM/KEvlKdMR6cp5myXO4zxt6ljgXMY1wcXOHIZA/gLi4WCOJjG+61oaPALRaUo7e+iiuFO10lTM3Mk0rtp5d9rJ8V0AXp7G19Xp4znJ5a9unc1ObGMEhWUAKVummEREAREQBERAEREAREQBERAEREAREQBERAEREAREQBERAEREAREQBERAEREAREQBERAEREAREQBERAEREAREQBERAFBClEBQjC1d1oqh09NcLVO6lu1G7bp5gcb/AIT3H+Oa2xGVUjCiUVNcsi0ZOL5kd3ovpaobjPHbNTwts93JDG7Z/MTHta/gPA9vFeotIc0Oacg8wvzTX0NNcIDDVxNljPI8R4HkvjQfyktVKyltGqrhTUcf6KEgPDB2b+S4Vxwh5zSZ3LfjGFiqj9OOw0EncBzXxpqmCrj6ylninjyW7Ubw4ZHEZC/POjoLzru/XPT2qNXXLqadjJRTxAM+lR537xwxlvI8e5e8acsNt05a47fZqVlNSMJdsNJJJPEkneT3lcqtR7F8snqdehXddc0V7Jtmq6o1XWA2giIgCIiAIiIAiIgCIiAIiIAqOV1BQHxbGxpJa0AneSBxX0AU4TCEYGFVw3K4VXID8364sbdE67eyJjI7JeXGWDG5sMo95ndxGO4jsVgV7XrvTFLq7TdVaqv2S8bcMoG+KQe64fce4lfn+zz1UU1TaruwxXagf1VQwn3uxw7QRz/avS8Lu+0h2ct0eW4padlPtI7M24KlUBwrA5XVOUSiIgCIiAIiIAiIgCIiAIiIAiIgCIiAIiIAiIgCIiAIiIAiIgCIiAIiIAiIgCIiAIiIAiIgCIiAIiIAiIgCIiAIiIAiIgCghSiArhQRhXVXIDWm5P0zq2y6jYAYoJPo9UO2J+4nyyT44X6ca4OaHNILSMgjmvzRdqRldbaimlGWyMIHceR9V650I3h956OLVJPIX1FOHUshJycsOBn9XZXA4xRw1UXU9Bwato6T8zv2qyq1WXEO8EREJCIiAIiIAiIgCIiAIiIAiIgCIiAKpGVZEB8yMLzbpV6P3ahDLzYnNp9RUrMMO4NqGD7Du/jg+R7vSyMqpCvTqSpyUo7mKrSjVi4SWh+YLNcm3CJ7ZI3QVkJ2J4Hgh0buzBWyBwu56V+jyS6zHUOmQ2G/xN/ORjAbVt3DDv6wA3HnwPIrzazXKO5U7nta6KaM7EsL/ejd2Feqs7yNzHxPJXlnK2lh7GyBUqoVsrdNIIiIAiIgCIiAIiIAiIgCIiAIiIAiIgCIiAIiIAiIgCIiAIiIAiIgCIiAIiIAiIgCIiAIiIAiIgCIiAIiIAiIgCIiAIiIAoIUoUBQhdN+TxMKeq1Zag47MVUyoY3sDwc/5Quactt0EnHSLqodtNCfuXN4rHNBs6PC5YuEe8BWVRxVl5c9cEREAREQBERAEREARVJwo2kBdFAKZQjJKKMplBklFGUygySijKjKDJKqU2kKDJBxheDdNlnisGq7Xf6D2TdpfotXDye4YxJ4/s7yvb7jXUttpJKq4VEVNTxgudJK4NaB4lfnvXuqY+kLUFvbamSCxWp5lFQ9uyZ5TjgDvAGPv7lvcPjUdZOBzeJzp9i1PfoS1WVWhWXrTyZKIigBERAEREAREQBERAEREAREQBERAEREAREQBERAEREAREQBERAEREAREQBERAEREAREQBERAEREAREQBERAEREAREQBQShOFUlACcradBzw3pO1KwnBdRxkDtwW/tWlnnip4XSzyNjjbvLnHACyug25Q3DpWuUtI5xhfbS0EjG1h8e9c/ieOwaN/hulxFn6LCsqtVl5U9eEREJCIiAIiIAiIgKOXA6s1Bq8XaW2aT02JiwAm4VsgZBvAPsjIJxvB38uC78hRhWjJReWsmOpByWE8HlkGkukK45lvOuBROdvENvpRst7to7J+9fb+QOqv+8W7f8A8G/8y9OwmFftpdMfJGP1aHXPzZ5j/ILVn/eLdf8A07f+ZP5Cat5dIt0/9M3/AJl6dhVKdtP/AFL9D1an4/N/s8lvGiNew0E0lq17WVVW3BjhliEbX7942snB8vReawXvXsV3rrTdtTV1Fc6QtLosNeC0jOQRx4j1X6craunoaaSprJ44KeMbT5JHBrQPEr81VFzGqtbXjUkTXNopMU1JtDBdG3A2sd+M+fcuhw5OvU5ZxTXkcziSVCGYSafmZAumtgMDWVX5wMKfWmtXbn6xrNn+rCxp9QsgBThdz1Oh/Yjiet1v72aypi1FVkmq1fendzJiwegKxBZKvAzqG9k//tOW+wmyrq2pLaKKO4qPeTNCNNUsr9u41FZcHjgaqYuwtzDEyGNscTGsjaMBrRgBfXZTZWSMIw91GOUnLdhqsoAwpVioREQBERAEREAREQBERAEREAREQBERAEREAREQBERAEREAREQBERAEREAREQBERAEREAREQBERAEREAREQBERAEREAUE4UqrkBBOVq71eae1xt6zMk7/0cLN7nn9iyrhVw0FHLU1Dg2OMZJ7TyC5yxUsk0sl2rmD6VU72tI/RM5AeS1bu5VvHK3Ojw3h8r6ryLRLdlYrZUXWYVV9dkA5jpGn2I/HtK7Poaa2PpeqGMAa36rcAAN3vMWpC23Q7EZOmKokad0NtcT5lo/FefnVlV5pTfQ9fc2dK0owhSX8l5vc/RTVdVarLnkBERAEREAREQBERAEREBCgnCE4VSUBJK4jX/AEiWrSDBTv2q27yNzDQwnLndhcfsjx3nkFy/SX0lTx1kuntGlstyHs1NcN7KTfvA5F33d54eeWq0RUL5J5JH1VdKS6WqmO095PHeV1LPh0q3tT0Rx73icaPsU9WXvM161jWir1ZUYpmuLobbCcRReJHvHxz48lnRRsijayNrWsaMBrRgAK4CnC9FSpQpR5YLB5ypVlVfNN5YHFWUAKVkMYREQBERAEREAREQBERAEREAREQBERAEREAREQBERAEREAREQBERAEREAREQBERAEREAREQBERAEREAREQBERAEREAREQBERAEREBBOFUntUuWj1ZcH0FrLadwFVO4RRDnk8T5KJSUU2yYxcmkjV10n19ezTjfbqJ2ZMHdLJyHgFvcblh2ihZbqCKmj37O9zvidzKzeS8vcVnWm5M+k8MsVZUFD+T3/3wNRqiompbPLNTvMcjHNOR/aAwu9/J+hdLrTVFWQA1tPBH5u34/wrhNTxddYawYyQza9Dn8F6r+TXbZ4NIVl1qyTLcqnaaSN5YwbIPrtKjaVFv4fY1L9v1mMOmE/lzL8o9farqjVdaICIiAIiIAiIgCIiAKCVKo5CASvIOl/W1bFcmaV03OIK6WPrKyrafapmHg0f1iPMZHbkejatvlPpvTtddqzfFTRlwbze7g1o8SQF+VrVd6yO+T12oQBNd3dd9IPJ3Jp7Bv8ALd5b9hRjUqJ1NjncRrThTaprXr4I6a022ntlI2CmbgcXOPF57Ss4BQCCFZq9WljRHk286skDClEQgIiIAiIgCIiAIiIAiIgCIiAIiIAiIgCIiAIiIAiIgCIiAIiIAiIgCIiAIiIAiIgCIiAIiIAiIgCIiAIiIAiIgCIiAIiIAiIgCKCVGUBJKjaUE5Wpu98pLb7D3GWpd7sEe9xP4KHJRWWTFOTwjbF3auSlf9a6rL27Jp7c3ZBBztPd+z8FWSC7XnJuM/0GkP8A2eE+0R/WcvhoeJkdFWOjzsmocG+AAwuTeXkZ03Gmej4VwqrTuKc66wtWvgdKAhUtUkLjHtzHqo+tpZoyM7bC3HiF690A1orOjC2N+3Svkp3jvDyR8nBeTkLtvycZxD/Km2bX6GrZO1vYHgjP+EJJZpteRyuIRxUpz81+fwe0tV18wVYHK1TAWREQBERAEREAREQEEqhOVLlptW32m01p6uu1a7EVNGXAc3u4NaO8kgealJt4RWUlFZZ4v033o37WFJpyne40NsAqK0Dc10pHsg9uAf8AEexcxX0cNdSvp6hu1G/s4g8iFi2UVM7ai5XF5fX3CQ1Ezj2neB81s+S3H7OIx6G9Y26VFuotZ6vy6L5fXJq9N180FS6z3F2aiJuYZD/tWftA/jculBwuX1BQyVEMdTRktrqY7cTgePaFuLHcY7rboqmP2Sdz2fC4cQu/Y3PbQw90eK4vw/1Ot7PuvY2QKlVarLeOSEREAREQBERAEREAREQBERAEREAREQBERAEREAREQBERAEREAREQBERAEREAREQBERAEREAREQBERAEREAREQBERAEREAUEoThVJygBK+NVUw0sD5qiRscTBkuccLAvV6prVGOsJknd+jhZvc8/gO9aWO21N1nbV3xwLQSY6Qe7Hnt7T/Hcta4uoUFrub9jw+tez5aa06voWkulxvTy21NNHRZwap49t39kfx5LLtdpprcC6JpfOfemecucVngAAADAG5WwuBXuqlZ+09D3NjwqhZrMVmXe/wfOc7MEjuxpK02i2bNghJ+25zvnj8FsrrJ1Nsq5PhicfkVi6Wbs2CiHazPzKxr3H5mxLW6iu6L+rRt2oVAVljNso5aijrL1Y9fW6p0s5v0+vxB1LyAyc5HsHO7f7Pmtw5aXU/WQ0UVdTg/SKKZlRG4ciCstFpSw9mc/ilJ1LaTjutV8P8HvuiOkSg1BUOtlxhktGoYiWzW+qBa7I+EkDPhx7ua7pp3LGv+jtMdL+kLZdqqExVNTTMmpq+D2ZoCQDjPMA7sHs5Lzq4UfSP0atkfWQnWOnIyMVMXs1UTP6zd5P+LxCmtZdafyPOW/Ef41fmen7SnK4jTnSdpS/ubHTXSOnqTxp6v8AMvB7Pa3E+BK7KORkrA+N7XsPBzTkFaMoSi8SR04VIzWYvJ9QVZUCnKqXLIq5TKEllUlRlChBBOV4F076lguupbdpOKfEFO8T1m/Ae/GWR+hz+t3L2fVV7ptO6errrWODYqaMuwftO4Nb5kgea800z0P/AMquh64X67OP8rbu510gqXg7UYbksZ4OGfDaHYtyzo87cu40L25VJxjjOuX5f5OBGMKQtbp+udcLVDPIR1u9r/ELZNUNOLwz1NOpGrBTjs9QQtJb3i1aofT4Daa4N22dgkHH1/ELeFajUdG6qtxdBuqYHCaJ3MELPa1uyqKRz+LWfrVtKK3WqOnBwrArX2Wvbc7ZBVMAG232mj7LuBHqs4FeoTyso+cNY0LooBUoQEREAREQBERAEREAREQBERAEREAREQBERAEREAREQBERAEREAREQBERAEREAREQBERAEREAREQBERAEREARFBKAE4UbSgnKpLIyJjnyODWNGS4nAAQFydy5y739wqTQWiMVFadznfYi7ye3u/wCixKq51V+lfT2ougoAdmSr4F/c0fx5LY26gp7fTiGljDW8zzce0lc27v1T9inud/hfBJ3WKlXSH3Ma12llHI6pnkdU10m987+Pl2LagIBlWAXDlJyeZHuKNGFCChTWEiMIeCsquVTIanVDgywVpJxlmPUhZFnZ1dpo2kYIhZu8gsDWRxp6pHaWj/EFtqRuzSwtIwQxo+Sv/wBa8zTjrdyfdFfVs+7VZVarKhuFXL5TxtmhkieMte0tPgQvsQqkIGk1hntX5J+oZarSVx01WuBqbHPsx795hkJcPRwd6he6BfjHoyvrNHdL1ouEzzFb7oDQ1RHu5dgNJ/W2D5Ffs9dWnLnimfPrug7etKn3fbocfqjo10dqiZ0160/RT1LvenY0xyHxcwgnzXndR0A/VU0k+hdX3ayF28U8h66LPfvG7xyvdMZU4Vmk9Ga6bWqPzsaDpi011jam22rVFKz3ZKeURSkeHs+myViU/TDQ0L3Qausd4sNUzc5s0Dnsz3HAPyX6TO5fKoghqojFUwxzRHiyRoc0+RWCdrSl0Nmne1odc+Z+f29Muhnf/eCPGml/5VnRdKmipGBw1BSgdjmvB9CF6xUaM0xUZ67TtmfnjtUUR/8AitdL0YaFlftSaSsu13UjB9wWL1Cn3szridXuR5jP0uaIhJDr7E7HwQyO+5qxpemjQ8YyLrJJ3MpZc/Nq9dh6OtFwDEWlbI3xooz94WxpNLafo3bVLYrVC7tjpI2n5BPUafew+JVe5H54EtR026jpbPZI5odGUUjKi41sjC0zuG9sbQfMfM8Bn9OxMZHGyONgbG0BrWgbgBwCiOKOFgZDGyNg4NYMD0VwtqnTVOPLE0qtSVWXNLc/DdxtrbHr7V9oiGIaa4PMbfhY4kt+WF92rcdMdIbZ0831pHs3CniqWf3Gg/NrlpwtC4WKjPZcGnz2kV3ZX1JIVCF9FRywnUOVt9zj09qCso6hpZRTvEjHDgzI7Ozl5LuWuDmhzSC07wRvBXHapjZDJS18kTJYoyYpmu5sdu+SmmqJtNzBr3OnsshGy7OXQZ+8fx49uzvEkoTPB8U4VOFSdSnqk848Hs/uvgdkDhWBXyje2RjXxuDmOGQ4HIIX0auqcAsiIgCIiAIiIAiIgCIiAIiIAiIgCIiAIiIAiIgCIiAIiIAiIgCIiAIiIAiIgCIiAIiIAiIgCIiAIiIAiKCUAJVScoStfeLpT2qlMtQ7LjuZG33nnsARtJZZKTbwj711ZBQUz6iqkEcTeJP3DtK5d4qtSSiSpD6e0g5ZDnDpu93d/HerU1BU3SpZXXvG7fDSD3Y/HtP8dy3rRu3LiXd+5exT2PXcJ4FjFa5Xkv2UijZDG2OJrWMaMNaBuAX0AU7KALlHrEsaIkBSiIAquVlVyA0OsxtWQt+KVg+a3bB7IWh1kf5jStz71SwH5roAFd+4vialJ5uaj7lH8kgKygKVQ2wquVlUoDWX+iNda5ooziVvtxkfEN4X616E9X/y06OrXcppWvr42/RqzHESs3Ekd4w79ZflzGF2P5OOoDpvpKrdPT7LaC+s66nJOA2ZgJwPEbQ8mrbtZ7xZ5vj9tlRrx8n+D9XhWVAVIOVunmSSFGFZEBXCYVkQFcJhWRAVwoO5XVHID8v/AJVdIKbpD0hcmtwKinlpnO7S12QP/wDRcACvcfytLOKzo4p7swHrrRWxzAj4HnYPzLT5Lwtjg9jXN3hwBC0rpapnqfR+pmnOHc8/P/w+oKhyBSQtQ9CYldTMq6SankGWyNLVq9Mytq7MaSqbtPgJglY4chw+W7yW9IXPQk0GrZo3H81XMD2/2m8fxWSGsWviadwlCrCp0fsv47fX7n0ttRJYLjHQVMm1bZyfo8jj+iPwE9i64HctFc6GK40UlPPnZdwI4g8io0vcJJ4paGtP8+pDsPOffbycu1w+67RdnLdHjuOcM9VqdrTXsy+jOgBUqgKsCukcElERAEREAREQBERAEREAREQBERAEREAREQBERAEREAREQBERAEREAREQBERAEREAREQBERAEREBBOFUnKlwWDd6+K12+WqnzssG4D7R5BG8aslLJ8r3doLTS9bNl0jt0cbfeeewLTW2gnnqjcrsQ6sd+jj+zCOwd6rZ7fNPN9Z3XL6uTfGw8IWngAP4+9bzZXAvb11XyQ2Pa8G4MqKVeuva6LuAGVYBAFK5x6UIiIAiIgCqVZVcCgOc1l+goDy+lM/FdIue1owi0xy5IEc7HHd5fit+0Ejery9xfE06WlzU8o/ksFKgBSqG4FGFKICjlqb9HPHFBcLeSyvoJW1ED28WlpB/DPktuRlVLcggjIVoycWmjFXoxr05U5bM/XvR9qeDWWjrXfaYBjauLafGDnq5Buc3yIPyXRtX5X/Jr1TJprWdTo6sIFsupdU0LnO/Rygb2j+0BjxaO1fqkBdWMlJZR8+q0pUpunLdFkRFJjCIiAIiIAqnirKpCA83/ACiIOu6GNTj4YGP9JGH8F+XLXJ1ttpH/ABRMPyC/WvTXE2Xok1a2Tc0W+V2ccwMj5gL8haZ2jYKEkb+r/Fat37qZ6D0fl/VnHw/JtArKrQVZaJ6oq5c9qphhFHcWe9Sygu/skgFdEQtLq8f/AE9V5zwb/mCvT99GrfLNvN9yz8VqjbA5C0eoIpKOaG8Ug/PU26RoHvxnjnw/jgtzTNcKaIP94MGfHCu9ge1zXDLXDBHcUpzdOakuhN1bxuqLpz6mbSVEdVTRTwO2opGhzT3L7tXK6VmNvrqiyTl+WEyUxI95h3kfx3rqmheppVFUgpI+ZVqUqNR05bosiIshiCIiAIiIAiIgCIiAIiIAiIgCIiAIiIAiIgCIiAIiIAiIgP/Z');
/*!40000 ALTER TABLE `imagenes` ENABLE KEYS */;
UNLOCK TABLES;

--
-- Table structure for table `incidencias`
--

DROP TABLE IF EXISTS `incidencias`;
/*!40101 SET @saved_cs_client     = @@character_set_client */;
/*!50503 SET character_set_client = utf8mb4 */;
CREATE TABLE `incidencias` (
  `id_incidencia` int NOT NULL AUTO_INCREMENT,
  `id_usuario` int DEFAULT NULL,
  `titulo` varchar(255) NOT NULL,
  `descripcion` text,
  `fecha` datetime DEFAULT NULL,
  `ubicacion` varchar(255) DEFAULT NULL,
  `estado` varchar(50) DEFAULT NULL,
  `palabras_clave` varchar(255) DEFAULT NULL,
  `val_pos` int NOT NULL,
  `val_neg` int NOT NULL,
  PRIMARY KEY (`id_incidencia`),
  KEY `id_usuario` (`id_usuario`),
  CONSTRAINT `incidencias_ibfk_1` FOREIGN KEY (`id_usuario`) REFERENCES `usuarios` (`id`)
) ENGINE=InnoDB AUTO_INCREMENT=24 DEFAULT CHARSET=utf8mb4 COLLATE=utf8mb4_0900_ai_ci;
/*!40101 SET character_set_client = @saved_cs_client */;

--
-- Dumping data for table `incidencias`
--

LOCK TABLES `incidencias` WRITE;
/*!40000 ALTER TABLE `incidencias` DISABLE KEYS */;
INSERT INTO `incidencias` VALUES (7,8,'Tuberias 5.0','Otra vez las tuberias rotas','2023-06-22 01:14:09','Calle Mostomami','Pendiente','lolo',5,2),(12,8,'Coche robado','Me han robao un coche cabrones','2023-06-22 12:32:22','Granada','Pendiente','coche',0,0),(13,8,'Mariconera llena porros','Mira que me he encontrao 3 gr pollen por si son de alguien','2023-06-22 12:34:18','Cenes','Pendiente','porrillo',0,0),(19,8,'Malitos en la playa','Cuidao mucho cuidao','2023-06-23 00:09:09','Calahonda','Pendiente','uno, malitos',0,0),(20,8,'Jorge salvaje encontrado en torremolinos','PRECAUCION: Jorge salvaje encontrado en torremolinos','2023-06-23 10:19:23','torremolinos','Pendiente','jorge',1,0);
/*!40000 ALTER TABLE `incidencias` ENABLE KEYS */;
UNLOCK TABLES;

--
-- Table structure for table `logs`
--

DROP TABLE IF EXISTS `logs`;
/*!40101 SET @saved_cs_client     = @@character_set_client */;
/*!50503 SET character_set_client = utf8mb4 */;
CREATE TABLE `logs` (
  `id_log` int NOT NULL AUTO_INCREMENT,
  `id_usuario` int DEFAULT NULL,
  `fecha` datetime DEFAULT NULL,
  `mensaje` varchar(75) NOT NULL,
  PRIMARY KEY (`id_log`),
  KEY `id_usuario` (`id_usuario`),
  CONSTRAINT `logs_ibfk_1` FOREIGN KEY (`id_usuario`) REFERENCES `usuarios` (`id`)
) ENGINE=InnoDB AUTO_INCREMENT=26 DEFAULT CHARSET=utf8mb4 COLLATE=utf8mb4_0900_ai_ci;
/*!40101 SET character_set_client = @saved_cs_client */;

--
-- Dumping data for table `logs`
--

LOCK TABLES `logs` WRITE;
/*!40000 ALTER TABLE `logs` DISABLE KEYS */;
INSERT INTO `logs` VALUES (1,8,'2023-06-26 16:37:33','INFO: El usuario jorgeslt sale del sistema'),(2,9,'2023-06-26 16:38:01','INFO: El usuario 44 sale del sistema'),(3,9,'2023-06-26 19:52:37','INFO: El usuario 44 sale del sistema'),(9,8,'2023-06-26 22:33:07','INFO: El usuario jorgeslt sale del sistema'),(10,10,'2023-06-26 22:33:22','INFO: Se ha añadido el usuario 88'),(12,11,'2023-06-26 22:36:14','INFO: Se ha añadido el usuario thor'),(13,8,'2023-06-26 22:38:24','INFO: El usuario jorgeslt sale del sistema'),(14,8,'2023-06-26 22:38:35','INFO: El usuario jorgeslt sale del sistema'),(15,NULL,'2023-06-26 22:49:55','INFO: Se ha importado la BBDD a un fichero externo'),(16,8,'2023-06-26 22:51:56','INFO: El usuario jorgeslt ha añadido un comentario a la incidencia '),(17,8,'2023-06-26 22:52:04','INFO: El usuario jorgeslt ha añadido un comentario a la incidencia '),(18,8,'2023-06-26 22:57:30','INFO: El usuario jorgeslt ha añadido un comentario a la incidencia 21'),(22,8,'2023-06-26 23:00:29','INFO: El usuario jorgeslt ha valorado la incidencia 21'),(23,8,'2023-06-26 23:00:55','INFO: El usuario jorgeslt ha valorado la incidencia 20'),(24,8,'2023-06-26 23:01:35','INFO: El usuario jorgeslt ha añadido un comentario a la incidencia 20'),(25,NULL,'2023-06-26 23:05:38','INFO: Se ha importado la BBDD a un fichero externo');
/*!40000 ALTER TABLE `logs` ENABLE KEYS */;
UNLOCK TABLES;

--
-- Table structure for table `usuarios`
--

DROP TABLE IF EXISTS `usuarios`;
/*!40101 SET @saved_cs_client     = @@character_set_client */;
/*!50503 SET character_set_client = utf8mb4 */;
CREATE TABLE `usuarios` (
  `id` int NOT NULL AUTO_INCREMENT,
  `nombre` varchar(50) NOT NULL,
  `apellidos` varchar(50) NOT NULL,
  `email` varchar(100) NOT NULL,
  `foto` blob,
  `clave` varchar(255) NOT NULL,
  `usuario` varchar(50) NOT NULL,
  `rol` varchar(50) NOT NULL,
  PRIMARY KEY (`id`),
  UNIQUE KEY `usuario` (`usuario`)
) ENGINE=InnoDB AUTO_INCREMENT=12 DEFAULT CHARSET=utf8mb4 COLLATE=utf8mb4_0900_ai_ci;
/*!40101 SET character_set_client = @saved_cs_client */;

--
-- Dumping data for table `usuarios`
--

LOCK TABLES `usuarios` WRITE;
/*!40000 ALTER TABLE `usuarios` DISABLE KEYS */;
INSERT INTO `usuarios` VALUES (8,'Jorge','Sanchez','jorgeslt@gmail.com',_binary '/9j/4AAQSkZJRgABAQAAAQABAAD/2wCEAAoHCBYVFRgVFRUYGRgZGRgYHBkZGBgYGBgYGBgZGhgYGBgcIS4lHB4rIRoYJjgmKy8xNTU1GiQ7QDs0Py40NTEBDAwMBgYGEAYGEDEdFh0xMTExMTExMTExMTExMTExMTExMTExMTExMTExMTExMTExMTExMTExMTExMTExMTExMf/AABEIAOMA3gMBIgACEQEDEQH/xAAbAAABBQEBAAAAAAAAAAAAAAAFAAIDBAYBB//EADsQAAEDAwMCBAQDBwMEAwAAAAEAAhEDBCEFEjFBUQYiYXETgZGhMrHwFCNCUmLB0RXh8RZykrIHNDX/xAAUAQEAAAAAAAAAAAAAAAAAAAAA/8QAFBEBAAAAAAAAAAAAAAAAAAAAAP/aAAwDAQACEQMRAD8A9MhKE6EoQchKF2EoQcAToSAToQRvCqXN4GENGXHoOg7lc1PUAzyNy93A7epQ23pxJOScknqUD3S4ycqQMT2NUgCCMM9FI1qUJwaga9ijfTU8LkoBtWn6KuaaJVqc5Cg+GgF1aMKpXpjoi1RkKlcsQDKdZ9N29ji14/8AE+jh1Wx0HW23A2uG2o0eZvf+pvcLHVmSqT3uY5r2OIezLT/Y+hQeqQnQh+gai25pNqDnhw/lcOQikIGQlCfCUIGQuwnQuwgZCUJ8JQgjhKE6EoQNhKE6EoQcASe4NBJ4AJ+idCHa7U20Xf1Q36oANvL3vqu5ecejRwESpsVS0p4ARENQda1SBqTU4IGFie1q6UhlBzauPYpAuPCCq5iYWwrDwoXuQUK5yqr2ThXKsFV6xPQfVAPr26CXeCtLcsxhZq/bygn8Iav+z3OxxinVIaR0D/4Xf2Xqi8JvDBBHIgj3BkL23TK2+kx/8zGn6hBZhKF2EoQchKE6EoQNhKE6EoQMhKF1JByF2EkkChAvFNSGMHd6OoH4mpbvhns+fsgr2vdXmqlSEQrwOEClOBXITtqBFyQcu7FwtQOC4UmBIBBxxwqlY91c2qtcCAgoPKrh0kq45nlVL4fVA2os5qpyUeq1ICy+s1fNjqgD6g7K9h8Gv3WVA/0NH0XjNaS31C9i8DCLGiP6EB+El1JBxJdSQJJJJBHKUpsrsoOylK5KUoOyhuuDyNPZwRGVQ1hss+YQC2nhXGOlUt4bJP6KgfqJgw0/r35QGWuT9yy7rp+TJEfwjP1hQHXGsy52c4Jg4/pQbAuwuFyy1h4vpPJBcJHui9pqTKgBB7/8oL++HtA6z9hK7uh0d1RbW3VmAf1f+pUl3XDXtBMSY+aC1UqQqdaST6fdR3uospzuIkdP9lmL/wAXskhvP2QaN78KpXrtHJWV/wCoN8+Yexz1HaYT6tUlsh8duoPaCPVAbuWSJCz2rUTt3dRypKF+9o/mA6HBxznj7hQ1NSa9pBET3HH9kAJmZ+a9j8F//To/9jfyXkTmQT81654NxaUh2YPyQHklzcluQdSTJS3oHpJm9Legr/FS+KgZ1Ed006kO6A98VL4qAf6mO6X+pjugP/FVS9uQW7epQ1moAkAHlWWtJGUAq/B3R0Vd5jtt9In7ovcW85Wa1ek9vmYxzyOGmAz3cgvftbXeUQT32SfnyFQ1HTWRLnOG7+EMf/hRDSLh9Fz313h0TsZDGgSJiMuO2eqqt0Z/xGxUe2mGDIqVHPLxyeYI9IQUm6HQefK94M8bS0fIEcorpmlvpOEPJb1mDtBSrWDmhpDzUlo3BzYe0+jgAD8x80d0qh5ZnHVpBkdOqAnY2QaWumSOPnzKqeJtob5j69uM8opbOgBBvFrdzDHTKDzfXdRqVXhgMngHqenTquW3hh0Avdlx/CDLvkOqm8P2O+vuJgMlxxMnoFshXccUqbpIIL3CQI7Dk/ZAEsvDDG8l8/8AaPpIKvXNgxjYh+By4GfmY4Su9N/ebi+rVHwxhznMbvl8ghsbcbY/NUrbSakMmo9jySX7XPcyIMja8nrEZKCpfFpGHNx/KTk+plA69TP1z/hP1llVjtrw1+fK8YPzA4VnT9O3t3ZcYHYD6ygZbv3D6rY6Z42pUbdjCCXtAaWgdRhZVtk5hzj0GUIvxtc4DmUHtmla4y4YHsxPQ8hXf2od15R4M1Isa5ritM7WPVBsP2od1z9rHdY06x6ph1lBtP2sd0v2sd1jBq66NVKDOu1N6YdReoGNTwxA8ai9Si+eoRRKmbRQFPD9Zz6oB4AJW5DcLIeGLfzk+y2NV4iECCirUQ4Qn08qZoQDDa9DI9uFG61c7HnP2+6NtauyUAJmmkenzkq1RpuEz/ur7mKN4QRtKE67U8h+aKBwygutmW7f1wgyGiEsrnaYkEe8ZW6tm7oPcfqfXlYSgC1/ZzTI9QtzpVUOaI6/ZBauKWPw/TlAbqj/AEuxjkrUuaqlZk5x9EGGudNc94c4COg/uUVoaa1gBaI7+vqAir6GZhKoMeqDPXzAsbqQ/eFbi/CwusP/AHrkE+lCHx3R/YUI8OUi9/yWvGnO7IBHw05tJGGaY5St0ooAzGKdtNFm6YpBp8IMpTZhT06QXWUiFKGlAjTCmpUZUQBlErFuUBPRLXaZ7ord25jcOhUFsIAKJuMt+SCtQcFOCqFB/wCau03SglBXA5IJxagaVUrHEAq0+pAVQGJJ7oK5Y4cFUr5pjIKOsqtjPKH6pcMDCTAwg8/1ZgB3DEIr4S1Te4sJ83I9R/lDNUuGvOOAUCs7g0rgOaeCCP8ACD2akcLlRv3Stnh7GvHDmh31AKe9ANr4Q+4qIndO5Wfu38n3QC9Rr4OYjKxl1L6rj0labU6oDZ9ystTdJLu5KDZ+BLQGscYAC9H/AGVvZZD/AOPKHkLz1P5Lal6CMUB2TXUwpC8KJ1QII3UwmGknPrhN+KEGNhcKuPoQqz8IIXuVqxrwVVJC61BrbWsCFabeBuHfVZShckdVaF+e6AhZXYe94HR0/IorTfhY+xuNtyez2/kVqKL84lAQYU2o/C40prz3QKm2cnhB9fNRrHfCmehAmPkiprcxw39ZVC/uDGJgmBHUnrIHCAfbPrMoNdUh74k7RtPoImJ+iyuv39y9sCk5voen3WsYx7GF7sAAnB/EZ6CT0PflU7iiarHOmCJhvtyUGE0V74qG4cBsgAcOk9AOqVhptWu/c1jgCeSCAAO8opb09j94I3ExB6/OfTt9FoLbURI4z16dMINRpbNlNjJna0D6BT1CgVPUodnvHP8AlExdBzZBHyQVLypiO6y2oXJAj3RzUasCZ/4WPva258kyAcFAM1a4MbZyf74VzS/DziG7zAQlz/iVmZwXBb/ZACApYVmUWBjOindqaDNU7GAoLr9TKrP1BxThbgp7LUIIqdw4q0yr6rrbcJ3wAgr3rVn7upCP39QALI6ncZwg6LlTNrIK2qVMyugMCqumt6oY2su/GQEKVX96wytha1hAM/Reeir52meHBbeg7ytIzwf+EB0vwMqk+6nBBiHEEen6+y4a2IHzJBx7IddPiXebaeYmDMAyPqgtU6hDzAkRyXA56c/n6Lhd5eg3ESI6NMGfXIQ+xu2PLnuIHHyAJPPWVO7Vqf4WtLyCPwg9O8IHX2/ZADvNiRkGC44Ed/Xsn0mDYWiZbIBMznif5uv3T26yCA19OG9u31TbnXabJDG7nnMATn1QAhaySCACJbgQf4YO72J9Y4UFzRLGNgGZjaD9JnB6jupbvVHzJoH349+eqgdftf8AjDgRwIJHzjn/AJQNfWJIL+O/IMevT/b0V9t4WEEEQfXBwM8IRTc4nytdtaSeCBmSBBHqfRX7ai4ECZMTnPTBCCTVLmWE+k/bosZUr75jlHfEFXaHA9u/VALVvlJJxhBzTWTXYOx/JbirXhYzRHj4xd0aD90Uub6ThAbZcZV6hVWSpXhCIW+ooNUx6sMes/R1Ad1P/qIHVAb+IuGogh1MJv8AqSAdfX5KDVMnKtVCoXBBBtXdil2pbUEYC4QpIShBE9q2ehXe+m0E8LIhhPARfSmvpkOOGnme6DV2j5ceccdAR3CjvaPxHEDrE5mB0Ee6qPqEEOGTjgxH6ypKNwdw5ED07iMf7IDNtahjQIHqY/PumOtWHIx7J1K6DuIgYn7p7mAz9j790DHtpsHmd+X1VSpcUeJOTjhDtas6jwdpBPuASOo7jhZ9lnWd5XHMQ4ZAwcz7xH0Qae6oMcNwdIz17coXc0WtAIHX9CVBZ6fX6kwTnvEnPqDCt3NqWyCYzIn+yCKg/ODGDJ4V5tZuCcmI3QJEdD9EGrVQ2OeuQfqoKl35SATgHAxmMmTzKAJ4krkvPPb05VBz9rMclSO87t2YkjPWTJTGML37W8Dn2QTabbkN3Hl2VYc1WgyBCaWIK4ClakWrrQgsMcpWvVZqe0oLIK6oQ9d3oGuao9qIVKSh+AUFYNXdittt8SeFJa0A8kDogHinKvWem7su4VutZ7NoPJKtX7C2mCMQRPsgfYae0viOETr2jXAtjCg0WqN3uAizGeYoM1VaRLHGIyD6Dgj1XWGCA2e/PMdDKOXlkHiDyOD1Hss9c0X0j58jo6Pz7ICWn3O120kdeJJLuS39dkbpVQ7nGPYwehGVnLNzI3mJEZG44ODg9YlFrOqBLpHEDIyDHB/XRBeq0hG6D1OM8jPPyVU2zQD5cjgwQJIGMTGff+ynFVu3zZAzHAJJGInuutaxp9+M5wcwgq7wSTLcwRB6DM+xQvUrodRg8GR9PTj7K5evBG4ESJGRiCRz2wOyzWpPncCZkj3E4b1kiQgGX91ufjzEcj0784KFvqbQ7cYn1PKnu3hhMjbMg8FruuW/M59ECuq3rMn7j80E/wAUNaSDOeOqq22oFjj6qNo6lVLg+ZBoaGsg8orb3DXjBWJpkzHdHdKtHz2CDQtpyn/sxVq0tRAkoiKLQEAM0T2Tm0kYZSDwY6KxZWrX46jogC07UlW2aYey0DbFrMlQ1bmPwwAgGuLOrgufCBEtEhed1tRef4irdhr1WmcOkdig9EFBj6L28Og/JYnRNT+BWNN/G6JR2z1ZtRhczDoy1YLVn/vSUHp9y7e9hGQr2qMmg8dYXnGh6++m9oeZbIGei9MrPD6W5uQWz9kAHRbzysfPB2lbFjsg9xK800R5mvT6hxcPzW30S8+LSaQfM3H0QHSyVXr2weCHCQehVii/cAU8tQZa50Z1N26mSWnlpOQOu0/XCjZqQYC134oPlIDSIA9M4Ez+a1VRkhC7uxa+Q5oPuEAb/WGhpBeGnBDXGT0PmI68CPdOGptLRDsBp5OYjEZ/U+qrX3hljjubDT6IFc+GiMBxHyGUBu+1FhYTvwMwI8wP4W/bjtKB32pMfuBcDwexMcgSDn5dFQr6I4Y3O/JU6+jbeTPogpapqJeYbx0xEdCD/lR2umvfkNPujuk6FvdJGB0WrdbhjYAjCDzu5tHM/Ep9L0B1d0TCJ39Le+PVaPw3bbXEoKFn4SZTO5xkhS6VTDnvEYBIRvU6kAqh4bpDY53UlAy6BpuHYqyHy2VFquTCYam2n8kE+k1Ze4dFfqUC072FBtEJ2l/coma5hAx9d5MuMqHJXXFSg7Wg90GM13T206rmERkwgFWntK1/iJ4r0aFx1qU2l2f42iHiPeVk6hxlBb0a6LXjPOFX1ZsvJ9VFphmoB6hWr0ST7lANBXpngbUvi0TScfMzHuF5o9kIz4U1H4FwxxPlcdrvY8ICuvE2t02qB5Thw7gova337NVa8GaFaCD0a4q140034lPcBPULPeHXi4tqlq/8bJczvHog9Ot6wEOH4T+pRJuRIXnngjWS5ptqh87MCeoC2dtc7DtP4Tx6ILzkwtlTOb1UaCpXoAqhVtGnqi1QKpUYUACvpzSfMSVSr2jeA1aF1MlMpWEmSgrabYhrZhUtWfEgLQ1WBrVl7ob3kBAO0+y3EuK0FlR2BNtqQY1MfX6IBmt3Odo5OFa0pmxgb9UKJ31jPRGmVGMG5xACCrfNMkoXql0G0DPJwFX1bxI2SGCfVZO/v3vME47IN3ody3Y1syYlFmiVgNB1AUiS7qEXufFXRjUGogA5MITret0mQNwOYx7FZSvq9R7iS4ofWdjPdBvtWsRTs2tYdzG1HlhBkbHkPEHtLisLU5I7fktla03NsazCfKysCw8gMexjhHSMn2lY+6EOlB3QqW6sR2BcfYAqW4Mk+590e8A6J+0OunbgNlNgbPVzy7B7CGH6hAb1pa97HCHBxBB5BQVnslRbYU8KRtEuEgIPUPDV0Lq1AP4mjY73Cwl+x9jeNqAeWc+rTyifgbVBbvcx/wCB8Z7FaLx3o4rUDUZktG4R2QZTxFT+DWZdUj5Xw6RxnkLc6dftuGBwPmjIWG8N1BdWz7R/42AuZPMdvkl4Y1H4b/hPJa5jon06T6IPTNN1CD8N/wAifyRKsIys5c097ZH4hmR19QnaZ4gE/Cq/i4B7oC76ijc+Qhmr6i1n8SD/APVTBhBq6TJVxjAAsOPFWcBRXPi18QEGl1u5DWnIQqwLGtL3OElYjUtWe85cVRr6i8CNxQbu81mm2SXDCBWevse97iYaMD1WKua7ndSSUqQhqA9W1ra5xZySqNzqT6n4nGOyGjKmag44qq0SVaq8FQ0moJkmpLrQg41cqjHzTxyuuag3Nl/+c8/1D7NYFj7z8Xy/skkg0fha4dSoOqU3FrjXYwkdWkZaRxCI3Wn0qjyX02uOckZ5PVJJBlbai0V6lOPKJgHMY7nKs0cB/ukkgZUYB0Xo3hJ5qWkPO6JGe3ZJJB5vpvk1FgZ5f3hGOxnCn8RsDb8wIkmfVcSQH9KvanwPxHDoHoOyA6tcO+J+IpJIIXXLnDzOJ91UHKSSC7bp1RdSQUKvKG3JyUkkECk/hCSSDjOVKUkkCrfhKbRSSQPXQkkg6E4LiSD/2Q==','$2y$10$DtWvM.Sr7UmMOMzCJAuEn.qN/SRIvNCp6n1zf2Ii7qH1VXbrzyY/y','jorgeslt','admin'),(9,'44','44','g@g.c44',_binary '/9j/4AAQSkZJRgABAQEAZABkAAD/2wBDAAYEBQYFBAYGBQYHBwYIChAKCgkJChQODwwQFxQYGBcUFhYaHSUfGhsjHBYWICwgIyYnKSopGR8tMC0oMCUoKSj/2wBDAQcHBwoIChMKChMoGhYaKCgoKCgoKCgoKCgoKCgoKCgoKCgoKCgoKCgoKCgoKCgoKCgoKCgoKCgoKCgoKCgoKCj/wAARCAHgAoADASIAAhEBAxEB/8QAHAABAAIDAQEBAAAAAAAAAAAAAAECBAUGBwMI/8QAUhAAAQMDAQQHBAUHCAcHBQEAAQACAwQFEQYSITFBBxNRYXGBkSIyUqEUFUKxwQgjM4LR4fAWJCVicpKishc0Q1Nj0vFEV2RzlLPCJkVUdJOj/8QAGwEBAAIDAQEAAAAAAAAAAAAAAAECAwQFBgf/xAA2EQACAQMCAwQKAQQDAQEAAAAAAQIDBBEhMQUSQRNRYXEGFCIygZGhscHRQiNS4fAzQ/Ekcv/aAAwDAQACEQMRAD8A8jREWyaoRQSoygJJUZUEr41NTDTRl87wxo7UB9tpY9XXQ0jMzyAE8AN5PkvnSw3K8f6hF9GpSf8AWZRjP9lvNdHaNOUVveJ3h1TV5z18u8+Q4BXhTlPbYPC3NDRUV2uxa6MOt9Gd/WvH5x3g3kunslnprPC9tNtF8mDJI85c89p9StmArYW1CjGGvUo5N6BpyrKAMKVmKhERQAiglRlASSoyoJWqu99oLUAKmbMp92Jg2nny5eahtRWWSlnY2pd3rV3a/UNrAFTNmU+7EwbTz5LnobjdtRMe6je23UTHlji07Up7u7j3LNtlmo7edqKPbnPvTP3uJ5nPJYXWb9wiTUNHuY762+Xkjqs2qjOTtA5lcPw+Sy7Ra6e1xubThxe/35HHLnnvWxAU4WPGuXqzDKo5adACrKAFKkxhERAEREAREQBERAEREAREQBERAEREAREQBERAEREAREQBERAEREAREQBERAEREAREQBERAEREBUlc/cnm0XymujciCb8xU4Pb7rvL8F0DliXCljraOWnmGWSNx4HkVEllFoSw9djNkGDu4KoK1WmKqSe3PpKrP0yid1UmTnI5H0+5bXgieVkiUeV4LIoBUqSAiIgCIoJQEoq5UbSAsSoyoJWLV1tNSML6meOID4jv9E2JSzsZe0gO9czUapjedm2U0tS74new0eqwnTXq4P8AaqPozDuDIBv/ALyrzZ21Mioye+htFGUPFUe9rGlz3BoHMlYTaLEr5zzRwxl8rwxo4klYcNVU3GUxWenM5HvSu9mNvnzW7tulIg4T3iU10/Jp3Rs8Bz/jcrQhKfukvC3NLBJXXV+xaacmLOHVMowweHaugtelqSmlFRXOdXVQwQ+Uey3wbwXQNaGNDWANaBgADACuBlbUKEY6vVlHN7IhoU4UgKQsxQgBSpRAEVSUygJJUbSglaq7XygtYAqZsynhFGNp58uXmobUVlkpN7G1JWru18oLYMVM460+7Ez2nnyWjfVXu84LB9VUZ5g7Urh+HyWTbLNR2/2oo9qc+9M/e4nxWF1m/dRDlGO5iOrL3eT+bBtVGd+170rx+Hy81l2yzUdvO3FGXT85nnacfNbIBSRhY8ZeXqYZVXLTZGjmf9T3ttVvFFWERz9jX/Zd58FvpG7LliV1LHWUklPM3aY8YI/FYunqqSWnloKs5rKMhjjn32/Zd6KFo8B+1HPVG0ClRwUgqxjJREQBERAEREAREQBERAEREAUFSqnigBKjaUOIAyeCwqS50VY4tpqmKRwOMB2/0TKJSb2NgCpVAVOUILIoBUoAiglRtICyKu0pBQEoiIAiIgCIiAIiIAiIgCIiAIiIAiIgCIiAghVIwrqrkBz9xP1VfKa5tGKeb8xU4/wuPh+C6KRuye5YVwpI62jlp5RlkjceB5FYumaqSotz6Wpz9MondVJk5yOR9FVaPHeZH7Uc9xtRxVlTOFO0rGMknCjKg718KiphpmF9RKyNo5vcAgSyffaQlc5U6ppd7aCKWrk4DZbst9SsGStvVe/DXso4/hiG071VebO2plVGT30OpqaunpWF9TMyNo5udhaSq1RACW2+GSrk7QNlo8ysKm061z+sqcyyHeXyO2iVuILdDEAC3OPRTyyfgZFSit9TSvqr1cXfpRSRngyEZPqr0mnYy7bnBe87y6Q7RK6JjGtGGgAL6AKyppb6mVabaGDBb4YwMt2vFZjGBuABhWwpA3q5BzBrn1VQae1QOq584OzuY3xctrQaVdO5k98n69w3inZujafxXTUtJBRQiGlhZFEODWjAWQBlRC3S1lqHPuPlBDHBE2OFjY42jAa0YAX1AU7KkBZyhGFIClFICKpOE2lAJJVdpCdy1V2vlBa8CpmzKfdijG08+XLzUNqKyyUs7G1JWqu18oLWAKmbMp92Jg2nk+C0k1VeryB1P9FUhHE+1K8fh8lk2yzUdvO3DHtTHjK87Tj5rC6zfuohyjHcxpKq93jHVj6rpDz96Vw/D5LJtlmo7f7cMe1MeMr/AGnnzWzATZWPGXl6mGVWUtNkQAp2VYBSpMZUBSQpRAUIwtHfGPoqmC70zcvg9mZo+3GePpxW9cvm9oe0tcMgjBChrKLRlyvJcPjmhjmgcHRSDaa4cwjVpLC51vrpbPOT1Lsy0jjvy3iW+S3h9k4SLyhOOHoSEJUZUEqSpO0mVhVVwpKX/WamKI9jnAH0Xxivdsle1kdbCXHgNrCjmRZRb1wbPKkFfNjmuGWkEdoVgVJUuigFSgCIiAIiIAquVlBGUBiV8JqaOeAOLTIwt2hyyFGjtP2XUmlvotRSNpbtQuMMs8Q2ZGuyS12eee/sWURha+2VYsGtKWrc5zKK4D6PUfDt/YJ88fNcri9CpUoOdJtSjqsHZ4JcU6dwqdVJxlo8nyuEd00vMI7001NvLsR18Y9A8cj/ABvWxikZNG18bmuY4ZDmnIIXpM8Uc8T4pmNkjeC1zHDIIPIrzO/6YrNNSyV1ijfU2k+1NRg5fF3szkkfs8xzeF8dVVqlcaPv7zq8W9HXTTrWuq6ruPuDhWBWFb62Cvp2zUsgew+o7iOSywcL06eTyLWNGS5aTUV2ktDaeRsAlie4tfvwR2YW6K11+ozXWuaFpxIBtsP9YbwqyzjQvTxzLm2PrbrhTXCHrKWTaAOCDuLT2ELMBXzo7DFqyw0l9tk4or5s7M8gHsyyN3OD28ieOe/mtdBcJqatNuvUBo69vAH3JO9ruBWhZ8Rp3LdN6TW6OjfcKq2qVRawezNuCpVGlTldE5ZZFGVKAIiIAiIgCIiAIiIAiIgCIoJQEoq5TaQEkqpKE5XzlljibtSvaxva44CAvuWhuJ+qb3T3JoxTzfmKnHf7rvJRVanoY3FlN1lVIDjETd3qtTcqu5XiF1P1UdNTPxlp9tx39qpJ5Xs7menTknrsdnVyxU2XTSMjZxy44C0FXqijaSyiZLVy8AGDDfUrW0+nnSlrqtz53AYBlcTgdwW5pbZDC0DZG7kBgBW5ZPwLKlFb6mpluF5riAwso2dkY2neqiDT/WydZWOfNIeL5XZPouljiYwYa0BfQBWVNddTItNtDX09thiAGyCBwGMBZjI2sGGgAL64TCuCNlThThShJTCsFKIAiIgN2RvUgKUWYxhFBKjaQEk4UZUE7lqrtfKC14bUzZlPuxRjaefLl5qG1FZZKWdjakrVXa+UFrw2pmzKfdijG08+XLzWkfVXu8Y2f6KpDn+tK4fh8lk2yz0dv9uGPamPvSv9p581hdVv3SHKMdzGkqr3eMbP9FUhzv8AelcPw+SybZZ6O3+1DHtTc5X+08+a2QCnZWPGXl6mGVRy02QATZUgKykxkAKURAEREAUKVUlACoITKjOUBq79RyVNK2WlOzWU7uthd3jiPNZ1urWXO3xVcQxtDDm/C4cQvsRuWiY76lv3/gbg7Didwjl7fNVejyZI+0uU3y1WpZp6ey1MlLnrA3iOLRnefRbaRuy7C+b2h7HNcMtcMEdoUtZWCkXhpnntHS04GQxryd+07flZL6SBzcGJmPBfOamNsuMtGc7A9uInm0/s4LKachamMG22+8x6dk9ueJbfK5mDkxE5Y/uI/FdXZrtDcoTs/m6hm6SIne0/iO9c8QsaaORkramkd1dSz3Xdo7D3K0ZOJEoqe+53oOFIK1llucdzpttrdiZnsyRni0/sWyBwtlPKyjVaaeGXRQCpUkBERAEREBRy119ovp9smhBw/G2w9jhvC2R4qpChrKwyU3F5R1mh7wb5pmjrJCDUY6ubl7bdx9dx81v15t0ZVDaLUF7tLstEhbVwt5EHc7HqPRekhfNeI2/q9zOmtuh9X4bc+tWsKvXGpwWrdHyNnku+mgIq73pqUbmVA57uTv43LSWq4R3GlEjAWvB2ZIz7zHcwV6wQvPtc6cmpat+oLHEXTgZrKZv+2b8Q/rD9/bnscG4u6clQrvTo+44fHeCKrF3FuvaW67zFyixbfWw19Kyop3bTHeoPYVlcl7NPJ4NprRlNBVjbPquttUg2ae4/n6fHAPAO03zGfQLuNSWKi1BbXUdezI4skb70bviH8b15jqKOSKKC5UmRV0DxMwjiQDvHhhes2uuhudtpq2mOYZ2B7e7PLxHBeJ49byt7hXFPTP3R7/0duo3Vq7epry/ZnlW1WWGvFqvpGT/q1X9mZueZ5H+PHagrub7Z6S+W2Sir49uJ28Ebi13JwPaF5jSiqs1zfZLs4umYNqnn5TR8vNdnhHFldrs6mk19Thcb4K7N9tS1g/obcKy+YKuCu6edJREQBERAERQSgJRVJTKAklRlQSqPe1gJe4NHaThAfTKglaOt1Lb6ZzmMkdUSj7MLdr58FrJrzdqwbNNBHSMP2ne270VeZdNTLGlJ+B1kkjI2l0j2taObjgLSVep6CJzmQOfUyj7MTcg+fBaltlnrHiS4TS1B5dYcAeS21JaYYGhoAAHIDCnEn4GRUorfU1s12u9aNmCKOjYfte+9UZYpaqTra6SSof2yO4eS6WKFkY9hoC+gCns111Mi020NbS2qGFoGyMDkBgLOjiZGMMaAO5fXZU4VwQApwpAUqSSuFKlEAREQBERAEREAREQG7Jwo2kctVdr5QWvDamXMx92KMbTz5cvNZW1FZZRLOxtSVqrtfKC14bUzZlPuxRjaefLl5rSSVV7vGNn+iqQ53+9K4fh8lk2yz0dv9qGPamPvSv8AacfNYXVb90hyjHfUxpKq93jGz/RVIc8PalcPw+SybbZqO3+1DHtTHjK/2nnzWyAVsLHjLy9TDKrKWnQgBThAMKykxkAKURAEREAREQBERAQThVJUuWPWS9RSzS5A2GOdk9wygWpx18rJq66VELZpGU0B2A1jsZdzJwtlpa4SdZJb6uQvkYNqJzuLm8xnuXP2xpMDXu3uflxPaSsiqMsMkVXTbp4DtDvHMei1VNp8xuOKa5DvViXSjZX0MtNJuDxuPYeRV6KpjrKWKohOY5BkLIWzo0amsWYGn6ySsonQVf8Ar1KermHb2O81sDuWhvG1arhFeIWkxj81UsH2mHg7yW/cWua2SMhzHgOBHMFRF9GWmv5Lqc/qugdUUbamBuaimy4Ac2/aH4rQUswkYHNOQRkLvCNy4e60X1Vci1gxSTkuix9g82rFVj1MlOWVyn2ByhC+cbshfRYzIfCOodbLhFWs/R+5M3taefku4Y4PaHNIIIyCOa4mqYHwSNPNpXRaWl62wUbjvIZs+hx+CyUnrgpVWY8xuGqyqEys5rlkVcplAWRRlEAVXK6q5Aat1SLVq+yXJ26JzzSykDk/cPvJXr3BeOaqgfPZJ+r9+LErf1Tn7sr1KwXBt1slDXMGBPE15HYeY9crx3pLQxUhWXXQ916K3HNSnRfTU2PFQRhSEcvLnrDy/Wdkfp2uferVFm2zH+ewN+wc/pGj7/37kErJ4WSxOD43jII5hemPY2RjmPaHNcCCDwIK8nvdrfo67Ax7RsNY/EeST9Hf8J7j2/sOfYcD4rzYtqz16P8AB4r0g4Py5uqC06r8mc9oexzXDIIwVm9FNW+Flyscr9oUMu1Dnj1bsn5H71hg5CwaGpbadeWqrdlkNY11JK7kSfdz549F1OM2/b2sl1WqOPwG69XvI66PRnrXJc/rHTkGo7aIXHqquI7dPOBvjd+w43roMpjcvn9KpKlNTg8NH0qrSjVg4TWUzyG21k7KqW23WMQXOn3PZyePib2hbQFdLrPTMd/pGSQPFPc6f2qeoA3g/Ce4/L1zxFrrZZJJqK4R9RcqY7M0R+8doK9/wvicb2GHpNbr8nzbjHCJ2E+aOsHs/wAGzByrKgOFO0uscUklRlQSqucGgkkADmgL5UZWordQ26keY3T9ZJ8EQ2z8ty1M1/uNUC2io2wMPCSU5d6KvMtkZFSkzq3uDW5cQAOZWordR26leWdcZpB9iIbXz4LR/VNZXkOuFTNUAfZcdlvoFtKOzQU7QGtaBzDRjKnEn4GVUYrd5MKe+XSs9mjpmUrD9uT2nei+Is9TXOD7hUS1GOAedlo8l0kVPHH7jAF9gFPZrrqZElHZGqpLNBTtAa0AdjRhbCKBkfuNAX3wmFfYkqGqcKQFZSQVwpAUohIREQBERAEREAREQBFBKrlAXUEquUJQgnKA71Rzg0ZJAHatbVXy30sgY+oDn/DGNo/JQ2luSk3sWlqb3eHeyPqqkOf60rh+HyWRbLPR2/2oY9qY8ZX+08+a2hGSmyseNcvU1ZVHLToQApwpAUqTGVAwrIiAIiIAiIgCIiAIiIAiIgKnitZqN2xYq5w/3Th67ls3LWahjdLY61jBlxjOB81EtmWh7yOQoGhsMYHANCzCMhYdA4OhjLeBaFmrURtM++mKo0lwkoHk9TNl8I5A8XBdZyXB1sbnRh8J2ZojtscORC7C0Vrbhb4aluBtje3sPMLNSl/ExVo/yMmWNksb45GhzHAtc08CFqtOyupZ5rLUuJdD7dO4/bjP7P44LcLT6gpZXRxV1FuraQ7bMfab9pvmFklpqjHB59l9TcuGDha+80DbjQPgJw73mO+Fw4FZVFVxXGiirKc+xIOHMHmF9ip0kiusX4nntJI/2mStLZWEse08iFmg5X31XRGmqmXCIYikwyfuPAO/BYUcg2d5wFqtcrwbSedUfSb9G7wW60YCNO0uf63+YrT0FHcb258NnopajiDL7sbf1juXYWjo4uBoIorle5afYGGw0g3N8XbsrUq8Rt7V/wBSWvd1N+hwq5u4/wBOOnfsj6jgql4HEgLOj6MbYCDLcbpL2gzAZ+SzWdG+m2/pKaeb/wAyoecehC1Zekdqtk2bkfRa6e8kjQCohLtkTRl3YHDK+geORC6E9H+mSzZ+q2eIkfn718X9HGm3D2KWeE9sdQ/8SVRektv1i/p+y79FLhbTX1/Rps7soCs2foztpeXUlxudMfs4mDgPl+K+EvR7cImYodSVGRwE8QcPvWeHpBaS3bXwNefozex2SfxPltKMrGlsGr6HOIaG4xjgWSdW4+uFrJL4+heY7zb6ygkHHbjJafAro0b+3r/8c0zmV+G3Vv8A8kGjcysEkbmHg4EFbToiqnv07UUEuS+31Doc9rTvHzytHSV1LVsD6aeOQH4Xb/RbDoylDNQ6kpTuJfHMB3EHP3hc70gpqdo5dzR1PRqo4Xqh3pnozVJGUarLwZ9FPmRhYV3ttNd7bPQ10YkgmbgjsPIjvB3rPIUEKYycWmt0VlFSTjLY8doxPZ7nLYrm4meHfTykH8/HyI8vu7l89XQmSxzSMOJIS2VruYIPJd5r7T/1za+vpBs3Sj/OUzwcE43lvgceq4emqWXmxyOa3DpI3MezO9rsYIXv+FX6vaGJe8tz5vxjhz4fcKUfdeqPU7JWfWFnoasZ/PwMkOe0tBKzxvXL9Gk3XaGtR+FjmejiPwXUtXhK8Ozqyh3Nn0O3n2lKM31Sf0KkLi+kHTslbEy72xoF0ohnAH6dnNp8s49F2xCqQpt7idvUVSnuhc28Lmm6VRaM8ptldFcaKOphJ2HcjxaeYKxrhfrfQO2JqgOk+BntH5cFi9IVgbbdURuhkfDb7mS/YYdhglHEHG7fnPmvjRWKCAZDGg9w3+q+kWlx63SVWGzPmF1Y+q1pUp9DHl1DX1IIoKMRMPCSc7/HZH71jm219xA+n1UszPgHst9AukhpYo/dYPNfcNW12a66mNJLZGmorJBTjc1re0NHHzWyipo4/caAsnCYV0sbElWtCthAFZSQVwpAUohIREQBERAEREARFUlAWRVymUBKglRlQShBbKZWBWXOjo25qKiNvdnJ9BvWAL3NWODbTb6ipJ+24bDB5lVc0iUmzekr5TTRwsL5XtYwc3HAWuZa77XO2qqrioI/ghG271/esul0pb2EPq+trZeJdO8n5J7T2QzFbs10uo6PbMdK2WqlzgNiYTnzV2s1DXACOlgoWHi6V204eX7l1NPTQU7AynhjiaN2GNAX3AU8je7K866I5ZmlBO5rrrX1FXj7HuN9At3b7VQ0B/mlLFGfiAyfXis7CAb1ZQitkVc29zEREWI1QiIgCIiAIiIAiIgCIiAIiIAiIgKlUe0OaWuGQRgr6FVKA88hhdRTTUrjkwyFvlxHyKzWHIWbqynMM0VYxo6p3sSu5g/ZP4ei1sD8rVkuV4NpPm1PsRkL66bqhQ3WSjf+iqjtx45PHEea+axa6Jz4g+LdNEQ9h7CN6hPDyWwmsM75QQsS1VrbhQQ1LBgPbkjsPMeqzOS2086mm1h4ZoaAts18dRnDaGuJfFv3MkHEea38g2Tha+80IuFA+HOzIPajd8LhwKwotQxGzCaqB+nxu6l9OPfdJw3DvVMqOj2MuHUw1uZd5npILfL9PcOpeNkt4l2eQHaqaK0FPcI46q+9ZFQcYqZ26SVvLbI90cN3E9y6HSWkJHVTLvqRjZK3jBSneynHLPa77vu70LyPFeN8zdK2fx/X7PacH4AoRVW6WvRfv9fM+NNBFSU8cFNGyKCMbLGMGA0dwX3AyEwrAYXmG86s9aljRFdlThWRCSuFGFdEBXCjCuiAoQvm9jXsLXtD2HcQ4ZBX1IUYQg5S56C09XkvNCKaU7xJTOMZB8Bu+SjS2j22C7VFcLlU1bpohFsygDdkHeeZ3dy6zZTC2fXK/I6bm3F9DW9St+0VVQSkuuxLVZVAVlrG0FUqyhAUIXlerqJuntWtq2EMt11z1m7DY5h+3j5nsXqpC194tdHeaF9HcYRNTuOSMkEHkQRwK3uHXjs6yqdOvkc7idir6g6T36eZzvRQ140bEXjDHTyuj/s7R/HK7NqwrXQU9rt8NFRMLKeFuyxpOT28VmNWvcVVVqyqLZts2bWk6NGFN9EkWVXK6qRlYTYOb17Zje9MVdNGM1DB10J57bd4A8d4815/Zav6bbKed3vubh3iNx+5exELxmKnFq1NebVk9XHL10IPwO37vUBer9GbnEpUH5r8nk/SW20hXXk/x+TZhWCq1XXsTyQREQBERAEREARQVGUBZFXKZQgklRtKCVj1FVBTMLp5mRtHxOwo2JMnKqTlaR2oYJHbFBDUVkmcBsTDj1X0bT6hriB1cFvjPFzjtu9FXnT21Jxjc2rntYMvcAO0laypv9vgfsdd1snwxDaPy3L7RaThleJLpV1Fc4fZc7ZaPILdUNto6FuKSmii72t3nz4qcTfgV5orxOaZV3muaTQWzqo3e7JUu2fkvuzTddVt/pO6yFpOTFTt2R4Z/cuqwpwp7JfyeSO0fQ09Dp21URa6KkYZG8Hye0fmtu0YGApwpwrqKjsUbb3IwmypUqSCuFIClEAREQGEiIsBrhERAEREAREQBERAEREAREQBERAFVysoIQHwmiZPE+KVocxww5p4ELkrZpyoqLzW26gqmx1MbRNTQzj2Zo+YDuRHz3rsiFpr5JLbamivVJnrqGQFwH2ozucD5feta7hOVJuk8SWxuWM6cayVVZi9zQ10dXa6n6Nd6SWklzgFwyx3g4bipBDhuOQvc8UV5tjC9kdVRVDA8B7Q5rmkZG5cPe+jaEukn09UmkfjP0aXLonHuPFvzXnbXjsJPluFyv6f4PTXno5OPt2z5l3df8nGaaqfodzlo3/oqj85H3OHEfx2Lrc7lweoqO5WgtbcqSWlqI3B8UrRtMJHY4bl2FsrGVtviqQQA5m04Z93tyvR29WNSPsvKPL3VCdKXtrDF0rordRyVE3Bu4NHFxPABbrQmkXU9Sb9emNNzn9tkWN1ODw/Wx6LU6Qtg1NfBdKhpNpoHYp2uG6aXm7wG75d69TG9eX49xNuXq1J6df1+z13o7wlRj61WWr2/YAypwpAVl5c9eVAVkRAEREAREQBERAEREAREQBERAEREBBCrsq6ICmypAVkQBQpRAUK8x6SoW0erbNcA3DamN1NI7tI93/MvTnLi+lml67R8s7WB0lLLHM08xvwfkV0OFVuwu4S8cfM5vFqPbWk49yz8jnwVYFfCCUTQRyt3h7Q4ea+rV9MPm5dFUlNpCSygqCVGUIJJTK+ckjGNy9zWjtJwtTUahoInlkcjp5PhhbtZ/BVcktyUm9jc5UF2FpmT32ubmjtzKaM8H1LsHxwvu3TFRUgfWt0mlbnfHENhp7v4Cjmb91DRbsvW3ehox+fqGB3JrTtH0Cw23errX7Npts8zf8AeSew35rfUFhtlC5rqakjDxwc4bR9StoBuUqEnuyvPFbI5OKz3us9qur2UbDu6unbk+v7ysyk0na4PamjfVSni+ZxOfLguhwmFKpx66kOpJnziiZEwMiY1jBwa0YAX0ATCkBZChGymFZEBCkIiAIiIAiIgCIiAIiIDCREWA1wiIgCIiAIiIAiIgCIiAIiIAiIgCIiAq5fKaNssT43jLXAtI7ivqVBQGZ0V3F7IK2w1JzLb3ZicftROO70z8133JeP1NSbNqW03aFuSZPoszc422O/Zx9F7ARhfP8Ajlr6vctx2lr+z6XwC89atUpbx0/R854Y54nRTxskiducx7Q4HxBXGXXo1slY8vpDUW8u99tO/wBhw/snh5LuMJsrm0birQeacmjq1ralcLFWKZiW6ip7bQw0dHEIqeFuyxo/jistqYVgFibcnlmVJRWFsFKIoLBEUEoCUVcplCCyKuUygLIoClCQiIgCIiAIiIAiIgCIiAIiIAiIgKOWuv8ASsrbHcKaQZbLA9v+E4WycvhUt2qaVvxMI+StFuMk0UmuaLT6njWlpDLYqQnk0t9CQtvnC5PT14oqGyxR1EwEjXOGwASeJPBbGO5XCtd/RlslfH/vZzsNPgvqsJrlR8rlF5ZuiVjVNZTUrC6onjjA+J2D6LDjsV3rATcLl9Ha7/ZUzeH63/VZ9Fpe1UxDjT9fJxL5jtEnw4K/tPZFW4rdmpOoGVBDLZS1FZIdw2WkN9Svq2i1BXOxI6C3Rd35x/7PuXWMY1jQ1jQ1o4ADACsAp7Nv3mVc+5HNwaSpHSdbcp566X/iPw0eQW6o6Gmoo9ikgjhb2MbjKy9lMKyhGOyKuTe5ACnZUgKVYqVwpAUogAREQBERAEREAREQBERAEREAREQBERAYSIiwGuEREAREQBERAEREAREQBERAERQSgBOFGVBKwLjdaS3gfSJRtnc1jfacfJQ2lqyUnJ4RnkrXXK7UlAWsmk2pXbmxRjacT4Bfa3WTUGodiRzTZrc7ftv3zPHLDeXnjzXa6c0nabAA+kg26rGHVMp2pHdu/l5YXEveO0LfMYe1Lw2+Z6Cw9Hbi5xKr7MfHf5HFUGmr1qKelmuMLbZbopBM1r/ameRw3cvPHmvVc53qANysAvH3t9VvZ89Tpse4sOH0bGHJS67khWUKVpm6EREJCIiAqThQSjlxXSTLqCnoIZrHI+OkZk1ZhaDKG7t7c8sZ4b/JZaFLtqipppZ7zDXq9jTdTDeO47Nzg0ZcQB2lfP6RBj9NF/eC0+kujHSOqLXFczfbveopOJln2Nl3MObjLT3ZXQf6ENE//h1n/qnLpvhcI6SqPPl/k5a4nVksxprH/wCv8HzY5r97HBw7QcqQV8ajoP02DtWytu9vd2w1OR8xn5rHl6KL3SxEWrXFeHDeG1UIkB8TlUlwyP8AGp801+y8eJyXv0/k0/vgz8ptLnn2bpJtO0Jbfa71G33XwTCJxHgcb/Ja1+tJrdJ1WpNPXa1vG8uMJez1wPxWGXDa8fdWfJ/jczx4nQfvNx8019dvqdntKQVzds1np+5ECmucDXk42Jsxn/FjK38UjJW7UT2vb2tOQtOpSnTeJprzNuFWFRZhJPyPsCpVBuU5VDIWRVymUJLIq5UgoQSiIhIREQBERAVcvjO4NgkceAaSfRfZy0esLoyz6br6x42i2MsY34nu3AepV6cHOajHdmOpNU4uctkeY6CoqcWZlUYIzO97/wA4WjaxnHHyXVtC1Ol6J9BYqSCTdIG7Th2EknHzW3avrNOPLBI+TzeZNjCYVkVyhXCkBSiAIiIAiIgCIiAIiIAiIgCIiAIiIAiIgCIiAIiIAiIgMJERYDXCIiAIiIAiIgCIiAIiIAiKCUBKq5MqCUBo3zTXPUgs0dwhtkYZtunk4vPwtzuz59vgvQtN6PtNjLZoIjUVuN9VMdp57xyHkuMr7dSV7Q2rhZJjgTxHgVq3VdfpdgNtvvVRN3tpKo7bCOwcx5LhcWsLm5WadTC7tvqej4NxK0tdKlPMu/f6HtaLzSwdKNPOGi+UT6Np4TxAvYfEcR816HRVdPXUzKijmjngfva+N2QV4y4tK1s8VY4+x7q3vKNys0pZ+/yMkBWVAVOVrm0XRVByrIAiIgCKpKjaQEkKpCtncoKgg4+qprjoy8Saj0nHtwv33C2Dcydoz7TRycM53ePaF7LpPUdu1TZYbnaJusgk3Oadz43Di1w5EfvXErkJaip6PtRu1DbGF9kqnBt0pGHAG/AlaO0ZJ/67u1ZXfbYo1N+j7/B/j5HGvLXsG61P3eq7vFfn5nv4U4WJbq6muVBT1lDK2alnYJI5G8HNPArLatzGDAnnVAhQ4AjBG5XKjCA5m96H0xe3mS52OhmlPGQR7Dz+s3BXIV3Qnp8yGWyVlzs03EGmqC5vo7f816psphXVWaWMmKVCnLVrU8aq+jjWVF7dn1dFWbPCKvp8Z/WG1+C180PSLbYv55pilrw3i6jqRk/qkk/Je67KFY5QpT9+Cfwx9sF49pD3JtfHP3yfnv8Al9TUhcy+Wm7WuRvvCanJHrx+S29r1XY7oB9DudM55+w92w70dhe1PaHt2XAEdhC5a79Hmk7u90ldYaJ0ruL42dU4+bcLXlY28tsx+v3/AGZo3dzDdqXwx9v0cwxzXtDmODm9oOQrhY9T0L26nm67Td6utnd/u2SdbH6HB9SVrKnRPSFaX7VuvFuvUOf0dTH1L8eX/MteXDH/ANc0/PT9r6mePE8f8lNryw/0/obvaTaXJVt61VZSTf8AR1Y2AcZqF4naO84zjzIVKPpE03UyBjq19O/mJ4nNx54IWvOwuIa8mfLX7GzDiFvLTnx56fc7DaU5WBQ3Sgr2bVDW09QP+HIHfcs1akk4vDWDbUlJZi8lsoSgUOVSQSvNNdVwvuoqayUxc6loXiescNw2vss7/wB/ctvq3WH0Kb6rsQZV3l/LiyAfE48M93r2HR2S2i3Urmuf1tRK4yTyni954lep4BwuU6iuaq9lbeJ5fj/FIxg7ak8t7+HgbIBWAVWq69weJCIigBERAEREAREQBERAEREAREQBERAEREAREQBERAEREAREQGEiIsBrhERAEREARFBKAlFXKbSAklRlQTlfCoqYKaMvqJWRtHN7gECWT77SErnKnVEDvZt8EtU/txst9SsJ9Rebg/8ASilj+CEZP94qvNnbUyqjJ76HTVldTUcZfVTsiA+I7z5LSVGp2vOzbaWWoPxv9ho9V8KTT0Yftz+3Id5c87RK28NDDEBhoJHMq3LJ76GVUorxNE43m5E9bUmBh3dXAMbv7XFZFJp6GN229oL/AIne0fmt+1gA3BWwpUEjJtojEiooI2kdW05GDkZWLHbJKGc1FjrJrdOePVHLHeLStqQoSpThUXLNZRaE5U3zQeGRDrbUNogc660lLXwR8ZmP6p+O0jhnyXo9luDbtaqWujikhZOwPDJBhwXmFjoGaj1eylmZt2+3t62oaTue8+60/wAdq9cAA4LwXHKdtRq9nQjh9f1g9zwKpc1qTqV5ZWy7/PJZquqhWXDO8EREBRy+NSJTTSinc1sxYdgvGQHY3Z7sr7kZVSE2IayeZ6ai1FdbvLaLlq42i/B56mmqKRroZ24yCx43Z47sLp6ql6QdPxONwstNeqaPjPQSYkLe3Y4k+DVk6r0/Tagtxhl/NVMZ2oKho9qJ3HI7t28LpuinWk15ZNYdQkR6kt4xKCR/OWcpG448s+vPd6CjOhd088iyt1jHxWMPH2PPVada0qY7R4ezzn4NPKz9zjrTrey3CYU8k76Kr5wVbeqcD2ZO75ro3sjqIXMe1skUjS0g7w4Fd1qLTFl1HCI73baesDfdc9uHN8HDBHkV5vceiu6WQSTaFvkkcYO023V3txHuDuXp5rBU4dTlrSlh+P7X6NiHEKsNKseZd63+T/ZjdGtxn0frFuk6mQyWW4h01tc92+F4yXR+B+/HaV7WDhfl3pBuV2pKKJmorJUWu7UUzKiiq4vzkLnAjIDwd2fE8OS/ROkL5FqTTVuu9O3YZVRB5Z8LuDh5EELf5anZqVVa7Px8fj9zShOn2koUnpuvDw+H2N2CrKjVdUM4REQBVIVkQFcJhWRCCmEwrqCgKELW3Kx2q5scy422iqmnj10DX/eFtMJhE2tiHFPRnA13RLoqryfqVkDuTqeV8ZB7sHC0MvQ1HTSOksGp7zQZG6N7xK3Py+eV63sqCFftZtYbz56/cxOhBapY8tPsfkqy1uqbjFOX6ilhkgmdC9nUtcQW96zpqC81rDFctRVk1OSNqONoj2u7ctpqq2O0x0mXalezqqG6n6ZSO+y5x99ue3Jdu8O1fUL0lrZ2tSEaiprPkeZubq6pzlTlUePNmFbLXR2yMto4Gx7XvHiT4krOAygGVYBdNJLRHNbzuAMKURAEREAREQBERAEREAREQBERAEREAREQBERAEREAREQBERAEREBhIiglYDXJRVym0gBKZUEqkkjY2lz3Na0cSTgIC+0hK0VVqWhjLmU5fVSjdiJuRnx4LXSXO712Gwsjo2HmPbd+xV5s7amRUpPfQ6meaOFhdNIyNo35c4ALSVWp6RuWUTJauTh7Aw31KwGWJ1RJ1tdI+eQ/akdn5Lb09uhiaBsg4U8sn4GVUorfU1Elbea87LCyjZ2RjacfMqafTzXv6yqc6WTm+R20V0TYw0YaAArgKygupkWmxgwW+GID2c47VmBgA3ABWwpwrgjCnCAKyElVIUogKlY9ZM2mpZpnnAjaXeiyCtJqYGenpqGPJlrJ2QtA7yP3KlSahFyfQmEXKSiup3nRZbm0elIap7c1Vc41ErzxOSdn5feuyavlBCyngjhiaGxxtDGgcgBgL6tXyuvVdapKo+rPqVvSVGlGmuiLKURYjMEREAVSFZEBQrmdWWirmfTXixSGC/W87dPIPtjnG7tBGfXHNdORlVIwstGrKjNThujFWoxrQdOezOn6PdW02sbAyuiZ1FVG7qqqmJOYZBxG/lzH7QV1K8ENc/Q2t4b/ABl/1JcnNp7mwcGO4Mkx8/XtXvLHBzQ5pBaRkEHIK9ApRqRVSGz+nejgpShJ057r69zKTwx1EL4p42SRPGHMe0OBHYQV86CjpqCkjpaKCKnp4xhkUTQ1rR3ALKATZTPQnC3DVdVAVkLBERAEREARFBQEoq5TKEFkUAqUJCo5XVSEByfSHo+k1nYjRVDzBUxO62mqWty6F45+B4EfsC8JqhdtM3SK0aspxFPJugq2HMVR3g8jw/cv1ARhaLWWmqHVdhqLZcWZa8ZjkA9qJ/J7TyI+Y3Lds72du8dDnX1hG4WV7x4eD2KwWk01PVGnqaK47X0+gmdTz545Bx+7yW5BXq4yU4qSPJSi4tpl0UAqVYgIiIAiIgCIiAIiIAiIgCIiAIiIAiIgCIiAIiIAiIgCIiAIiIDAJUE5Wqrr9b6SUxvn6yT4Ihtn5LVSXy41WW0dI2Bp4PlO070C1+ZdDGqUmdQ5wa0lxAA5krT1moqCneY2yOnlH2IW7W/szwWp+qKquc11xqJZ+wPOGj9ULZ0lpgpwA1owOQGExJ+BkVKK3NfNd7rWjZpYGUjD9p3tv9OCqLJNVvD7hNLUO/4jtw8l0UcLGDDWgL6AKyguuplSUdjXUtrggaAGggcsYCzWRtYMNAAX1wmFYEYU4U4UqQVwpClEJCIoJQEoqbSZQEkplQSqvcAMk4CEFiVj2GEV3SLbIyMtpIXznsBxgfPCw6y+UFI/YknDpPhjG0fktr0UFtw1LerjsPaGRRwsDxhwB3n/ACrlcYrqnZzw9cY+Z0+EUXUu6affn5anqYCkBGqy+cH0cIiIAiIgCIiAKjldVIQGBd7fBdbbUUNWwPhmZsuB5dh8Qd62HQhfqios9Vpy6uH1pY3CAnayZIj7jvIbvDHaqELkrzUnSut7JqmOP+auP0GvLdxMb9zXHw4/qhdPhtX2nQfXbz/zt8jlcSpYSrr+O/k/1v8AM9+BVgV82kEAg5B5q2V0jTLoqZU5QksiqCrIAiIgCo5XVSMoDHqpTBTSyhjpDGwvDGe87Azgd5XM6I11aNXRyMonyQV8P6eiqG7EsZ8OY7x54XWELgekXQ5uzm3zThbQ6qpD1kFSz2euwMbD+3I3ZPhwWSCi9JfMw1XOPtR18DvgcK4K4/o41dHq+w/SXR/R7hTvMNZTbwYpBy38jxHmOS65qpKLi8MvCamlJbF0UJlQXIcuG1fp3Vlyun0nT+rTaqfYDRSmla9u0OJ2uO/wXclVKmMnF5RjnBTWGfmXUmm9U6Ou9feb+1t1oax7XVFdSgDYd8TmYGOPh3r7UtTFVQMnp3tkieMhwX6Rc1r2ua9oc1wwQRkELwjpG0BPpOWfUGlInSWonbrbc3/ZD44+7jkcvDh27HiWMU6hwr/hmM1KeprAVYFYtFVRVtLFUU7tuKQZaVktXe31ODsWREQBERAEREAREQBERAEREAREQBERAEREAREQBERAEREAREQHI0tmp6Y4a0Y7AMLYRwMjGGNAX2I3phY9jMVAU4UgKykFcKVKIAiqSmUBZQoyoygJym0quKxqqupqRhdUTxxgdp3+ih6Ay8qCVovr4VJDLXR1FZIeBDdlvqV9mUF/rnZmmgt8XHDB1jlXnT21GMbmzlljiGZHtYO1xwtRNqKia5zKfraqQcGwsJz5rOp9JUIcZK581dKftSvOPQLeUtLBSRiOmhjiYOTGgKeWb8COaK8Tl2i/1wAhpIqFh+3M7acB4fuWQzSvXua67XCoqwP9mDsM9B+5dOAp2VPZr+WpXtH0MC32qhoB/NKWKM9oGT6neszo033nU5/8Qz7ir4Xz6NXAX7U8fProneRDlxvSFYsZY719zs+j7/8Aujnuf2Z6E1WVWqy+en0IIiISEREAREQBERAUctZqG1xXqzVdBOAWzMIB7HcWnyOCtoRlVIVoycJKUd0VnBTi4y2Zn9CV/fetFQ01Y5xuNrcaOpDuOW+6f7uB4gr0HkvEdJVjtNdLhp3PAoNRxEkOPuzsG714eLl7dncvSOSqJVI7S1/f1POU04Zpy3jp+voUke2NjnPcGtaMkk4ACmN7ZGNcxwc1wyCDkELhOnOsdRdF17dH70rGQ+TntB+RK6TRtGLdpGy0gORDRwsye5gU8nscwVTNTk8Mm6G5NpRncuY1JrvTWnGn61u9NHJyijd1kh/Vbk+qiMXJ4SLSnGKzJ4Oo2kyvK6jpntM2BYrNfLu88OopSG+vH5K8GttfXA5tfRldNg72uqZDHkebB96zK1qvoa8r2jH+R6llMr8903TzeKu7RWyDTtD9MlmEDQ+rw3bJxjaxjjzzheiPreltriBoChOOYuUeP8yt6pV7inr9HvO/O9QRuXnct46VoDiTo5jk74q9h+4lYVRrbX9ANq5dGVz6se86nkMmB5MKj1Sr3Eq/oPr9GYmsGP0F0hUWqaTbbZbvIKW7MG9rX/Ykxy7c9x+JeuNO7cvEda9JGnNUaEvdprxU2q7Opy5tHWwua7rGkOaAcYySBxxxX00z0uGo0zZ7fZrPcr/qMQMimhgiIaHAYy52DxxncMd6vKjUnFaarQpC4pU5P2tHr+z2vKErzh9u6aL5siltdl09C8e/NM2V7fm7/KthD0Oa1uMJGoOkmsZtcY6Cn2B/eBb9yKym92kVlxKmtk2dpJKyP9I9rP7Rwsc3GiBwa2mB/wDNb+1cxS/k2aYe7rL1eL7c5fikqGtH+Un5r5at6EOj3TGlLrem2Otrn0FM+cQGtlHWFozg4PD8FkViv7voYnxN9I/U65ldSSHEdVA89jZAV9nNa9ha4BzXDBB3ghfkjoOslh1l0hiyX62ymnr45DC6lndH9Gc1pfuznIwMb88l+hWdAtfaS/8Aktr+90Ef2IZ2iZg7BgED5JKxxtIR4nn3onjNxt0emukK+2KmaYqH2aqkjJJDWuAJA7snHks5qx9e6ev+melG30+qbxHeKqagLoqlkexiPacA0jHHIPbxWQ1eis89klLdHn7rldVuOzLIiLZNcIiIAiIgCIiAIiIAiIgCIiAIiIAiIgCIiAIiIAiIgCIiA1KKCcKMqhmLKpKjKZyhBOVG0vnJIyNu1I5rR2k4C1VRqGgjkMcT31EnJsLdrPnwVXJLclJvY3OVDiAMladkl9rm/wA0oGUrHcJKh28D+yvszS8tTs/W1znqGjjHGNhpUczfuoaLdk1t6oKM4mqGF3ws9o/JYsdzuFc4i12yV7AcdbOdhq6GgstvoDtUtJEx/wAWMn1K2ICtySe7Ic0tkcpHYrvWNJuNz+jtcN8VM3h5/wDVZ9Fpi10pDvowmkG/bmO2Se3fu+S3uE2VKpxRRzbKNa1jQ1rQ1o4ADAVhvU4UgYVypGymFZEBAClEQFXLA0lK629INXTu3w3OASNPY9n7tr1We5aHUrJqZ9HeKIE1Nuk6zA+0z7Q9PxWjxK29Ztp01vg3eHXHq1zCp0T+h60DhWBWFbK6C52+nraR21BOwPYTx8D38lmBfL2nF4Z9QjJSWVsXRQpUFgiIgCKpKjaQF0VNpNpAXVSo2kKEHF9KLfo9mobqzImt1bFO1w4j2gD+C9/glbPDHLGQWSND2kcCDvC8c1bQtuOmbnSu+3A4g9hAyPmF2/RFXPuHRtp+eVxc8UwiJ7dgln/xXcsZc1vj+1/f/WcS8jy3Of7l9v8AUa3p5pZKvotvDYW7To+rlI/qtkaT8t/ktNSdK0ddR262aIs1dqC8Ohja6KONzI4iGjO04jlv37hu4r029UDLpZ66gmaHR1UD4SD/AFmkfivIuibpcptHdH8GnKTTtXcdU09TLC6mpYtkP9skOkeASTvI4E+zyXXtoRqQxLoce9qTozUodVj5f+nV0fRVrzV8Mj9dapNppJTvtlraDhvYX5x/mXcWLon6O9HMiqPquh66LeKq5SCRxPb7Z2QfABcDUV/S7qyozUV9DpG3kZ6ulAmmx2E79/m3wWHS9DVnnqjVamud1v8AVneX1dQ4A+hz/iWw69KmsJ/I01a16zzJfM9OvHTJ0e2HMUmoaN7mburo2umx/cBHzXM1v5RulAzFqtt9ubjwENJsg+ZP4L6WnQmlrS4PoLDQRyDg90Qe71dkrpWMawAMaGjsAwsMr2PSJsR4ZJ+9I/GDtP3KbVTrjbNL3z6r+ldfFB9HeXhm1kN2tnHdnC/S/wDpp1rINqDovr9nl1lSQf8A213OM8VICq76T6F1wyPWRwjunHVdIQ65dGN0ZD9p0M7nkeXVrZ2/8ozSLwBeKO82mTOCKikLmjzaSfkuoIXwqaeGqidFUxRzRuGHMkaHNPiCive+JEuGL+MjWa2uPR90iaGvNXBUWa61NPQTSQPcWieJwjcW4Bw9u/ktF0L640lo3oW0/JfLrQUM8jJXPibh00hEr95Y0Fx3Y3kLmelXo80hSaOvN2jtMdJV08DpI30zjGNvg32QdnGSOS880XJYdMW231Gr9AVoD2Nk+tXtdNG8HeHFjvZG7G5bUK6nHMUaU7WVOfLJr6ntdf8AlF26aZ0eltL3y9DOGStj6tj/AA3OPqAvh/pR6Trmw/VegKSiB4Prqrh5ZaV1llrqC4WunqrRLDLQyMBidDjZx2Y5eHJZ61ZXsloom9DhsXq5ZPNJrr043A4+mWC2NPNjGux6h6gWrpfk/Sa/oxniBSMI/wDbXpuMphY3eVGZlw6ku88MsXRrrrSN3nvGl73ZI7jMC1+aQNGCckNywhoPYMcF2FLq7ppoSPpdo07cmjd7L+rce/O2B8l6HjCgkKVe1OuCHw6l0yfm/pH1BqDUXSVZqjVFjjs1XFRPjZHHMJRI3LjtZHeSF9Gr5axrW3vpdvFVE7bp7dCyiY4HI2h72PMvX1avS2WXRTl1PM3aUarjHZFkRFtGsEREAREQBERAEREAREQBERAEREAREQBERAEREAREQBERAaZyx6mrp6ZhdUTRxgfE7CwmWa9VhLq+4MpGnd1VM3Jx4/8AVZtHpW1U/tSQuqZc5L53bRPlwWLMnsvmZm4rdmrkv8crurttPPWyndiNhDR4kq8VLqG4e91Nui/vvP8AHkusjjZGwMja1rRwDRgK4Cns2/eZXn7kc3BpOldJ1tynnrpf+I7DR5Bbujo6aij6ukgjib2MbhZWymyrKEY7Iq5N7kAKdlSApVipXCkBSiAYREQBERAEREAREQFXKjmhzSCMg7iF9CFUhAavSN0dpW6OtVwds2apeXUk7juieeLD3H9/Mr1EFec19HDX0klPUsD4njeOzvCrpTUM9hq4rJfZS+kedmirHdnJj+zx/Dh47jvBnl3NBea/J7DgfGEkrau/J/g9JBVlQFTleQPXF1BKAqrlIBKqTgEoSACScAb8lcna6G49Jlxqaagqn0GlqZ/Vz1Uf6Sqd8LM8u/s7c4WzbW0riWFolu+41rm6jbxTerey7z6XLWdvgqTR2uOe73HOyKeiYXnPeQMfevgb9quOPrp9C3RtO3e5zSS4Dubs5XtOnNPWnTlEKWy0MNJD9rYHtPPa5x3k+K2/JdaNpbQWOXPi2/wcqVzczeefl8El+TwuzaytF1qWUrZZKaud/wBmqYzG/PZv3H1XSA7l1GvdHW/WNnfSVjRHVM9unqmD85C8cCD2do/HC8x0ldK51TW2PUDWsvltcGS4ORK3lIO3O7h2g81p3dlGEO0pbLdd3j5G3a3spT7Ktu9muvh5nRzR9bDJH8bS31Ct+TrVGTo9NG8/nKGsmgcOzeHf/IqQcLB/J6b1bdYRZJay6ux8/wBiycMfsVF5fkx8SWKlOXmvt+j17kvJ6XOj+m2pheWNtuqYutY47tmoZxHnk/3wvWOS5jX2kabWFpipJpnUtRBM2enqmN2nxPB4jxH4di6VKSTxLZmhWg5JOO6OnHBThUjBDQHHJA3ntX0CxmYjCnCsiElcJhWRAVKgqyq5CDyTpQuEmq9QUOgrO/aZM9s12mjBPURNIcGnkCdx/ujmvUxTQ/RPoxiY6DY6vq3NBbs4xjHYtdY9O2ux1FfPbaURTV0pnqJNoudI7fzJO7ed3DetwAsk5ppRjsjDTptNylu/seP3jTF46PLjPfdBxuqrRI7rK2yEnAAHvR89289o7xuHoWjtUW3VtliuNqlLoz7Mkbtz4n82uHb963xC8x1HoS62y+VGouj2sioq+fBqrfK0dRVHO8/1Tv8AXmMq6kqqxPfv/ZjcJUXmCyu79fo9PCnK8qk1j0i0oBqdARzAbiaeta7PfgZK+H+lW+UxIuHR9fY3DiYw549dgKOwm9sfNFvWoLfK+DPWyVw/SrrSLSNhcKctlvFYDFR04PtFx3F/g3Oe84C5Kv6bDHRTOpdJXr6UB7DZ49mPP9Yjf8l5Var3De75Ndr9cOuvc5wGytLGwt3gMZy4fxxJ2rSydSft6I07ziEYQxT1bNvpu3G2WtkUh2qh5Mkzs52nnjv+S2zVUEEKwXqUlFYR5ZvLyyyKFKkgIiIAiIgCIiAIiIAiIgCIiAIiIAiIgCIiAIiIAiIgCIiAqRkpsqyICuFKlEAREQBERAEREAREQBERAEREAREQBQQpRAUKxbhRwV9JJT1LA+N49O8LMIyqkYTfRk5NdadR3DSzmUt8dJW2fc2OsAzJCOQcOY/juXo1FV09bTR1FJNHNC8Za9jsgriHtD2lrwC0jBBGQVpBZ6m1zvqtNVj6CZw9qL3opO4g8F5jiXo9Cs3Ut9H3dD0vDfSCdBKnce0u/qv2etgqCcrgKDpB+iHqNU0MlFKAMTwtMkT/AE3jw3rsbbdKG6QiW3VcNQw7/wA28EjxHELyFxZ17Z4qxa+3zPXW97QuVmlJP7/I5/pGqpjaqa0UDnCvu1QyliDOOCRteW8DzXtmn7PSWCy0lst0YjpaZmwwdvMk95OT5rxuojE/S9omN3us6+XzDCR8wF7PfH1DLJcHUcTpaoU8hijad7n7JwB35wuvaQUbeCXXL+uPwcq5k5XE5P8AjhL5Z/J5vcdX6l1VerhbdANo6a3295iqrvWb2be/IYMHIHbg9u4Yzy+jtcdItVWV0VspINU2+nkcwVhjFO15Hwu9kHwwSsm8W+t0n+TnHQGN9JcKpzY525w4GWXJB/VwCvYtNWmmsdhobbRRtjgpogwBvM8z4k5PmujKUIReIp64+XU5sITqTWZNaZfx6HMaN6RKS+3F1outFPZb+zjRVX2+9jsDPhuPitN00WCoibS6wsseblaxioja39PTn3gf7O8+BPYFtul7Ss+obFFVWanY/UFvlZPRybQa7c4FzQ4keO/mF2tPtz0UX0uJrJJIx1sedoNJHtN7xxCwtxWJJaPRo2EpvMJbrVP/AHqjy21V0F0t9PW0btuCdu0wkb/A94Kr+T5+cbrCdgPVSXV2ye3GT+IXNzwf6PNXV1nqSIrDWNfWW6Rz8iPAy+Pf2fs7V2f5PVHJT9HjKmdhbJXVUtTk8XAkNB/wrUt7b1d1O54x5amxXufWOyzus581hfXOh6fjITZRquspJTCkBWRCQiIgCIiAhQQrIgKYUgKyICpCYVkQgrhRgK2EwgwVJOFodRaTsWo4HRXi101TnhIWYe3weN49VvyFBClNp5RWUFJYaPzlrnR1Z0duhrqKrkrdNySiJ8c2+SlLju38x6fiqtIIyN4K9W6amQP6L7+KgAtELXNz8Qe3Z+eF43Y3PdZqEykl5gZnP9kL0vC7iVWDU+h5filvCjUXJ1NgFZVarLqHLCIiAIiIAiIgCIiAIiIAiIgCIiAIiIAiIgCIiAIiIAiIgCIiAIiIAiIgCIiAIiIAiIgCIiAIiIAiIgCIiAKCFKICuyoIwrqCMoD5ua1zS1wDmncQRkFaSq0zQSSddSCShqBvbLTOLCD4cPuW+2VBCrKEZrElktGTi8pnORVl2sOqNO3q73H6dSUNUGukLdl7GPOHZ7RjP8Ffq5pDmhzSC0jII4Ffmu4UcVdRy007dqORuD3dh8uK9A6DtWGrtn8mLs/YvFsbsM23fp4R7rm9uBgeGD2rgcTs40oqVNYSO/wu8c5OFV5bOj6XrFU6i6P7pQULQ6rAbNE3PvFjg7HiQCB3rM6OdSQap0lQXCF353YEVQwn2mSt3OB+/wACumXmN80bfLDqCe+9Hk0DH1j9qttdScQTO3+23hg7ycbuPHkuXBqUeR6dx1aicJ9pFZ6M9P3Jhef2W+6/mutNBdtKUFPROeBNUR1rSWN5kDJJ8Oa9AB3KkouO5lhUU1lI5zW2kLVrG2x0V4jkLIpBKx8btl7TzwewjcVvKKlhoqSGlpYmxU8LBHHG0YDWgYAHksjGUwocm1jOhKhFPmxqGq6qArKC4REQBERAEREAREQBERAQoJwpVXIBtJtLze49MOl6WpqKaE3GtqYXljo6alc7LgcYBOOa17OkfVVwHW2To+uMtL9mSql6ou8AW/iVl7Cfdj6Gu7qmtE8+Wp6zlVJXlsesukSb9H0fBn/mVzW/fhanVJ6WLraKypiZQWSCGIyfRqaUPnlA4gP3gHGTuI7FKoPOG0viVdysZUW/gzM/KEvlKdMR6cp5myXO4zxt6ljgXMY1wcXOHIZA/gLi4WCOJjG+61oaPALRaUo7e+iiuFO10lTM3Mk0rtp5d9rJ8V0AXp7G19Xp4znJ5a9unc1ObGMEhWUAKVummEREAREQBERAEREAREQBERAEREAREQBERAEREAREQBERAEREAREQBERAEREAREQBERAEREAREQBERAEREAREQBERAFBClEBQjC1d1oqh09NcLVO6lu1G7bp5gcb/AIT3H+Oa2xGVUjCiUVNcsi0ZOL5kd3ovpaobjPHbNTwts93JDG7Z/MTHta/gPA9vFeotIc0Oacg8wvzTX0NNcIDDVxNljPI8R4HkvjQfyktVKyltGqrhTUcf6KEgPDB2b+S4Vxwh5zSZ3LfjGFiqj9OOw0EncBzXxpqmCrj6ylninjyW7Ubw4ZHEZC/POjoLzru/XPT2qNXXLqadjJRTxAM+lR537xwxlvI8e5e8acsNt05a47fZqVlNSMJdsNJJJPEkneT3lcqtR7F8snqdehXddc0V7Jtmq6o1XWA2giIgCIiAIiIAiIgCIiAIiIAqOV1BQHxbGxpJa0AneSBxX0AU4TCEYGFVw3K4VXID8364sbdE67eyJjI7JeXGWDG5sMo95ndxGO4jsVgV7XrvTFLq7TdVaqv2S8bcMoG+KQe64fce4lfn+zz1UU1TaruwxXagf1VQwn3uxw7QRz/avS8Lu+0h2ct0eW4padlPtI7M24KlUBwrA5XVOUSiIgCIiAIiIAiIgCIiAIiIAiIgCIiAIiIAiIgCIiAIiIAiIgCIiAIiIAiIgCIiAIiIAiIgCIiAIiIAiIgCIiAIiIAiIgCghSiArhQRhXVXIDWm5P0zq2y6jYAYoJPo9UO2J+4nyyT44X6ca4OaHNILSMgjmvzRdqRldbaimlGWyMIHceR9V650I3h956OLVJPIX1FOHUshJycsOBn9XZXA4xRw1UXU9Bwato6T8zv2qyq1WXEO8EREJCIiAIiIAiIgCIiAIiIAiIgCIiAKpGVZEB8yMLzbpV6P3ahDLzYnNp9RUrMMO4NqGD7Du/jg+R7vSyMqpCvTqSpyUo7mKrSjVi4SWh+YLNcm3CJ7ZI3QVkJ2J4Hgh0buzBWyBwu56V+jyS6zHUOmQ2G/xN/ORjAbVt3DDv6wA3HnwPIrzazXKO5U7nta6KaM7EsL/ejd2Feqs7yNzHxPJXlnK2lh7GyBUqoVsrdNIIiIAiIgCIiAIiIAiIgCIiAIiIAiIgCIiAIiIAiIgCIiAIiIAiIgCIiAIiIAiIgCIiAIiIAiIgCIiAIiIAiIgCIiAIiIAoIUoUBQhdN+TxMKeq1Zag47MVUyoY3sDwc/5Quactt0EnHSLqodtNCfuXN4rHNBs6PC5YuEe8BWVRxVl5c9cEREAREQBERAEREARVJwo2kBdFAKZQjJKKMplBklFGUygySijKjKDJKqU2kKDJBxheDdNlnisGq7Xf6D2TdpfotXDye4YxJ4/s7yvb7jXUttpJKq4VEVNTxgudJK4NaB4lfnvXuqY+kLUFvbamSCxWp5lFQ9uyZ5TjgDvAGPv7lvcPjUdZOBzeJzp9i1PfoS1WVWhWXrTyZKIigBERAEREAREQBERAEREAREQBERAEREAREQBERAEREAREQBERAEREAREQBERAEREAREQBERAEREAREQBERAEREAREQBQShOFUlACcradBzw3pO1KwnBdRxkDtwW/tWlnnip4XSzyNjjbvLnHACyug25Q3DpWuUtI5xhfbS0EjG1h8e9c/ieOwaN/hulxFn6LCsqtVl5U9eEREJCIiAIiIAiIgKOXA6s1Bq8XaW2aT02JiwAm4VsgZBvAPsjIJxvB38uC78hRhWjJReWsmOpByWE8HlkGkukK45lvOuBROdvENvpRst7to7J+9fb+QOqv+8W7f8A8G/8y9OwmFftpdMfJGP1aHXPzZ5j/ILVn/eLdf8A07f+ZP5Cat5dIt0/9M3/AJl6dhVKdtP/AFL9D1an4/N/s8lvGiNew0E0lq17WVVW3BjhliEbX7942snB8vReawXvXsV3rrTdtTV1Fc6QtLosNeC0jOQRx4j1X6craunoaaSprJ44KeMbT5JHBrQPEr81VFzGqtbXjUkTXNopMU1JtDBdG3A2sd+M+fcuhw5OvU5ZxTXkcziSVCGYSafmZAumtgMDWVX5wMKfWmtXbn6xrNn+rCxp9QsgBThdz1Oh/Yjiet1v72aypi1FVkmq1fendzJiwegKxBZKvAzqG9k//tOW+wmyrq2pLaKKO4qPeTNCNNUsr9u41FZcHjgaqYuwtzDEyGNscTGsjaMBrRgBfXZTZWSMIw91GOUnLdhqsoAwpVioREQBERAEREAREQBERAEREAREQBERAEREAREQBERAEREAREQBERAEREAREQBERAEREAREQBERAEREAREQBERAEREAUE4UqrkBBOVq71eae1xt6zMk7/0cLN7nn9iyrhVw0FHLU1Dg2OMZJ7TyC5yxUsk0sl2rmD6VU72tI/RM5AeS1bu5VvHK3Ojw3h8r6ryLRLdlYrZUXWYVV9dkA5jpGn2I/HtK7Poaa2PpeqGMAa36rcAAN3vMWpC23Q7EZOmKokad0NtcT5lo/FefnVlV5pTfQ9fc2dK0owhSX8l5vc/RTVdVarLnkBERAEREAREQBERAEREBCgnCE4VSUBJK4jX/AEiWrSDBTv2q27yNzDQwnLndhcfsjx3nkFy/SX0lTx1kuntGlstyHs1NcN7KTfvA5F33d54eeWq0RUL5J5JH1VdKS6WqmO095PHeV1LPh0q3tT0Rx73icaPsU9WXvM161jWir1ZUYpmuLobbCcRReJHvHxz48lnRRsijayNrWsaMBrRgAK4CnC9FSpQpR5YLB5ypVlVfNN5YHFWUAKVkMYREQBERAEREAREQBERAEREAREQBERAEREAREQBERAEREAREQBERAEREAREQBERAEREAREQBERAEREAREQBERAEREAREQBERAEREBBOFUntUuWj1ZcH0FrLadwFVO4RRDnk8T5KJSUU2yYxcmkjV10n19ezTjfbqJ2ZMHdLJyHgFvcblh2ihZbqCKmj37O9zvidzKzeS8vcVnWm5M+k8MsVZUFD+T3/3wNRqiompbPLNTvMcjHNOR/aAwu9/J+hdLrTVFWQA1tPBH5u34/wrhNTxddYawYyQza9Dn8F6r+TXbZ4NIVl1qyTLcqnaaSN5YwbIPrtKjaVFv4fY1L9v1mMOmE/lzL8o9farqjVdaICIiAIiIAiIgCIiAKCVKo5CASvIOl/W1bFcmaV03OIK6WPrKyrafapmHg0f1iPMZHbkejatvlPpvTtddqzfFTRlwbze7g1o8SQF+VrVd6yO+T12oQBNd3dd9IPJ3Jp7Bv8ALd5b9hRjUqJ1NjncRrThTaprXr4I6a022ntlI2CmbgcXOPF57Ss4BQCCFZq9WljRHk286skDClEQgIiIAiIgCIiAIiIAiIgCIiAIiIAiIgCIiAIiIAiIgCIiAIiIAiIgCIiAIiIAiIgCIiAIiIAiIgCIiAIiIAiIgCIiAIiIAiIgCKCVGUBJKjaUE5Wpu98pLb7D3GWpd7sEe9xP4KHJRWWTFOTwjbF3auSlf9a6rL27Jp7c3ZBBztPd+z8FWSC7XnJuM/0GkP8A2eE+0R/WcvhoeJkdFWOjzsmocG+AAwuTeXkZ03Gmej4VwqrTuKc66wtWvgdKAhUtUkLjHtzHqo+tpZoyM7bC3HiF690A1orOjC2N+3Svkp3jvDyR8nBeTkLtvycZxD/Km2bX6GrZO1vYHgjP+EJJZpteRyuIRxUpz81+fwe0tV18wVYHK1TAWREQBERAEREAREQEEqhOVLlptW32m01p6uu1a7EVNGXAc3u4NaO8kgealJt4RWUlFZZ4v033o37WFJpyne40NsAqK0Dc10pHsg9uAf8AEexcxX0cNdSvp6hu1G/s4g8iFi2UVM7ai5XF5fX3CQ1Ezj2neB81s+S3H7OIx6G9Y26VFuotZ6vy6L5fXJq9N180FS6z3F2aiJuYZD/tWftA/jculBwuX1BQyVEMdTRktrqY7cTgePaFuLHcY7rboqmP2Sdz2fC4cQu/Y3PbQw90eK4vw/1Ot7PuvY2QKlVarLeOSEREAREQBERAEREAREQBERAEREAREQBERAEREAREQBERAEREAREQBERAEREAREQBERAEREAREQBERAEREAREQBERAEREAUEoThVJygBK+NVUw0sD5qiRscTBkuccLAvV6prVGOsJknd+jhZvc8/gO9aWO21N1nbV3xwLQSY6Qe7Hnt7T/Hcta4uoUFrub9jw+tez5aa06voWkulxvTy21NNHRZwap49t39kfx5LLtdpprcC6JpfOfemecucVngAAADAG5WwuBXuqlZ+09D3NjwqhZrMVmXe/wfOc7MEjuxpK02i2bNghJ+25zvnj8FsrrJ1Nsq5PhicfkVi6Wbs2CiHazPzKxr3H5mxLW6iu6L+rRt2oVAVljNso5aijrL1Y9fW6p0s5v0+vxB1LyAyc5HsHO7f7Pmtw5aXU/WQ0UVdTg/SKKZlRG4ciCstFpSw9mc/ilJ1LaTjutV8P8HvuiOkSg1BUOtlxhktGoYiWzW+qBa7I+EkDPhx7ua7pp3LGv+jtMdL+kLZdqqExVNTTMmpq+D2ZoCQDjPMA7sHs5Lzq4UfSP0atkfWQnWOnIyMVMXs1UTP6zd5P+LxCmtZdafyPOW/Ef41fmen7SnK4jTnSdpS/ubHTXSOnqTxp6v8AMvB7Pa3E+BK7KORkrA+N7XsPBzTkFaMoSi8SR04VIzWYvJ9QVZUCnKqXLIq5TKEllUlRlChBBOV4F076lguupbdpOKfEFO8T1m/Ae/GWR+hz+t3L2fVV7ptO6errrWODYqaMuwftO4Nb5kgea800z0P/AMquh64X67OP8rbu510gqXg7UYbksZ4OGfDaHYtyzo87cu40L25VJxjjOuX5f5OBGMKQtbp+udcLVDPIR1u9r/ELZNUNOLwz1NOpGrBTjs9QQtJb3i1aofT4Daa4N22dgkHH1/ELeFajUdG6qtxdBuqYHCaJ3MELPa1uyqKRz+LWfrVtKK3WqOnBwrArX2Wvbc7ZBVMAG232mj7LuBHqs4FeoTyso+cNY0LooBUoQEREAREQBERAEREAREQBERAEREAREQBERAEREAREQBERAEREAREQBERAEREAREQBERAEREAREQBERAEREARFBKAE4UbSgnKpLIyJjnyODWNGS4nAAQFydy5y739wqTQWiMVFadznfYi7ye3u/wCixKq51V+lfT2ougoAdmSr4F/c0fx5LY26gp7fTiGljDW8zzce0lc27v1T9inud/hfBJ3WKlXSH3Ma12llHI6pnkdU10m987+Pl2LagIBlWAXDlJyeZHuKNGFCChTWEiMIeCsquVTIanVDgywVpJxlmPUhZFnZ1dpo2kYIhZu8gsDWRxp6pHaWj/EFtqRuzSwtIwQxo+Sv/wBa8zTjrdyfdFfVs+7VZVarKhuFXL5TxtmhkieMte0tPgQvsQqkIGk1hntX5J+oZarSVx01WuBqbHPsx795hkJcPRwd6he6BfjHoyvrNHdL1ouEzzFb7oDQ1RHu5dgNJ/W2D5Ffs9dWnLnimfPrug7etKn3fbocfqjo10dqiZ0160/RT1LvenY0xyHxcwgnzXndR0A/VU0k+hdX3ayF28U8h66LPfvG7xyvdMZU4Vmk9Ga6bWqPzsaDpi011jam22rVFKz3ZKeURSkeHs+myViU/TDQ0L3Qausd4sNUzc5s0Dnsz3HAPyX6TO5fKoghqojFUwxzRHiyRoc0+RWCdrSl0Nmne1odc+Z+f29Muhnf/eCPGml/5VnRdKmipGBw1BSgdjmvB9CF6xUaM0xUZ67TtmfnjtUUR/8AitdL0YaFlftSaSsu13UjB9wWL1Cn3szridXuR5jP0uaIhJDr7E7HwQyO+5qxpemjQ8YyLrJJ3MpZc/Nq9dh6OtFwDEWlbI3xooz94WxpNLafo3bVLYrVC7tjpI2n5BPUafew+JVe5H54EtR026jpbPZI5odGUUjKi41sjC0zuG9sbQfMfM8Bn9OxMZHGyONgbG0BrWgbgBwCiOKOFgZDGyNg4NYMD0VwtqnTVOPLE0qtSVWXNLc/DdxtrbHr7V9oiGIaa4PMbfhY4kt+WF92rcdMdIbZ0831pHs3CniqWf3Gg/NrlpwtC4WKjPZcGnz2kV3ZX1JIVCF9FRywnUOVt9zj09qCso6hpZRTvEjHDgzI7Ozl5LuWuDmhzSC07wRvBXHapjZDJS18kTJYoyYpmu5sdu+SmmqJtNzBr3OnsshGy7OXQZ+8fx49uzvEkoTPB8U4VOFSdSnqk848Hs/uvgdkDhWBXyje2RjXxuDmOGQ4HIIX0auqcAsiIgCIiAIiIAiIgCIiAIiIAiIgCIiAIiIAiIgCIiAIiIAiIgCIiAIiIAiIgCIiAIiIAiIgCIiAIiIAiKCUAJVScoStfeLpT2qlMtQ7LjuZG33nnsARtJZZKTbwj711ZBQUz6iqkEcTeJP3DtK5d4qtSSiSpD6e0g5ZDnDpu93d/HerU1BU3SpZXXvG7fDSD3Y/HtP8dy3rRu3LiXd+5exT2PXcJ4FjFa5Xkv2UijZDG2OJrWMaMNaBuAX0AU7KALlHrEsaIkBSiIAquVlVyA0OsxtWQt+KVg+a3bB7IWh1kf5jStz71SwH5roAFd+4vialJ5uaj7lH8kgKygKVQ2wquVlUoDWX+iNda5ooziVvtxkfEN4X616E9X/y06OrXcppWvr42/RqzHESs3Ekd4w79ZflzGF2P5OOoDpvpKrdPT7LaC+s66nJOA2ZgJwPEbQ8mrbtZ7xZ5vj9tlRrx8n+D9XhWVAVIOVunmSSFGFZEBXCYVkQFcJhWRAVwoO5XVHID8v/AJVdIKbpD0hcmtwKinlpnO7S12QP/wDRcACvcfytLOKzo4p7swHrrRWxzAj4HnYPzLT5Lwtjg9jXN3hwBC0rpapnqfR+pmnOHc8/P/w+oKhyBSQtQ9CYldTMq6SankGWyNLVq9Mytq7MaSqbtPgJglY4chw+W7yW9IXPQk0GrZo3H81XMD2/2m8fxWSGsWviadwlCrCp0fsv47fX7n0ttRJYLjHQVMm1bZyfo8jj+iPwE9i64HctFc6GK40UlPPnZdwI4g8io0vcJJ4paGtP8+pDsPOffbycu1w+67RdnLdHjuOcM9VqdrTXsy+jOgBUqgKsCukcElERAEREAREQBERAEREAREQBERAEREAREQBERAEREAREQBERAEREAREQBERAEREAREQBERAEREBBOFUnKlwWDd6+K12+WqnzssG4D7R5BG8aslLJ8r3doLTS9bNl0jt0cbfeeewLTW2gnnqjcrsQ6sd+jj+zCOwd6rZ7fNPN9Z3XL6uTfGw8IWngAP4+9bzZXAvb11XyQ2Pa8G4MqKVeuva6LuAGVYBAFK5x6UIiIAiIgCqVZVcCgOc1l+goDy+lM/FdIue1owi0xy5IEc7HHd5fit+0Ejery9xfE06WlzU8o/ksFKgBSqG4FGFKICjlqb9HPHFBcLeSyvoJW1ED28WlpB/DPktuRlVLcggjIVoycWmjFXoxr05U5bM/XvR9qeDWWjrXfaYBjauLafGDnq5Buc3yIPyXRtX5X/Jr1TJprWdTo6sIFsupdU0LnO/Rygb2j+0BjxaO1fqkBdWMlJZR8+q0pUpunLdFkRFJjCIiAIiIAqnirKpCA83/ACiIOu6GNTj4YGP9JGH8F+XLXJ1ttpH/ABRMPyC/WvTXE2Xok1a2Tc0W+V2ccwMj5gL8haZ2jYKEkb+r/Fat37qZ6D0fl/VnHw/JtArKrQVZaJ6oq5c9qphhFHcWe9Sygu/skgFdEQtLq8f/AE9V5zwb/mCvT99GrfLNvN9yz8VqjbA5C0eoIpKOaG8Ug/PU26RoHvxnjnw/jgtzTNcKaIP94MGfHCu9ge1zXDLXDBHcUpzdOakuhN1bxuqLpz6mbSVEdVTRTwO2opGhzT3L7tXK6VmNvrqiyTl+WEyUxI95h3kfx3rqmheppVFUgpI+ZVqUqNR05bosiIshiCIiAIiIAiIgCIiAIiIAiIgCIiAIiIAiIgCIiAIiIAiIgP/Z','$2y$10$T8uY/iGT/CdWx6vC/DYmQeXPoz/nYy81PoNItaBXwMDmz2TpFRn9C','44','colaborador'),(10,'99','88','d@f.c',_binary '/9j/4AAQSkZJRgABAQAAAQABAAD/2wCEAAoHCBYVFRgVFRUYGRgZGRgYHBkZGBgYGBgYGBgZGhgYGBgcIS4lHB4rIRoYJjgmKy8xNTU1GiQ7QDs0Py40NTEBDAwMBgYGEAYGEDEdFh0xMTExMTExMTExMTExMTExMTExMTExMTExMTExMTExMTExMTExMTExMTExMTExMTExMf/AABEIAOMA3gMBIgACEQEDEQH/xAAbAAABBQEBAAAAAAAAAAAAAAAFAAIDBAYBB//EADsQAAEDAwMCBAQDBwMEAwAAAAEAAhEDBCEFEjFBUQYiYXETgZGhMrHwFCNCUmLB0RXh8RZykrIHNDX/xAAUAQEAAAAAAAAAAAAAAAAAAAAA/8QAFBEBAAAAAAAAAAAAAAAAAAAAAP/aAAwDAQACEQMRAD8A9MhKE6EoQchKF2EoQcAToSAToQRvCqXN4GENGXHoOg7lc1PUAzyNy93A7epQ23pxJOScknqUD3S4ycqQMT2NUgCCMM9FI1qUJwaga9ijfTU8LkoBtWn6KuaaJVqc5Cg+GgF1aMKpXpjoi1RkKlcsQDKdZ9N29ji14/8AE+jh1Wx0HW23A2uG2o0eZvf+pvcLHVmSqT3uY5r2OIezLT/Y+hQeqQnQh+gai25pNqDnhw/lcOQikIGQlCfCUIGQuwnQuwgZCUJ8JQgjhKE6EoQNhKE6EoQcASe4NBJ4AJ+idCHa7U20Xf1Q36oANvL3vqu5ecejRwESpsVS0p4ARENQda1SBqTU4IGFie1q6UhlBzauPYpAuPCCq5iYWwrDwoXuQUK5yqr2ThXKsFV6xPQfVAPr26CXeCtLcsxhZq/bygn8Iav+z3OxxinVIaR0D/4Xf2Xqi8JvDBBHIgj3BkL23TK2+kx/8zGn6hBZhKF2EoQchKE6EoQNhKE6EoQMhKF1JByF2EkkChAvFNSGMHd6OoH4mpbvhns+fsgr2vdXmqlSEQrwOEClOBXITtqBFyQcu7FwtQOC4UmBIBBxxwqlY91c2qtcCAgoPKrh0kq45nlVL4fVA2os5qpyUeq1ICy+s1fNjqgD6g7K9h8Gv3WVA/0NH0XjNaS31C9i8DCLGiP6EB+El1JBxJdSQJJJJBHKUpsrsoOylK5KUoOyhuuDyNPZwRGVQ1hss+YQC2nhXGOlUt4bJP6KgfqJgw0/r35QGWuT9yy7rp+TJEfwjP1hQHXGsy52c4Jg4/pQbAuwuFyy1h4vpPJBcJHui9pqTKgBB7/8oL++HtA6z9hK7uh0d1RbW3VmAf1f+pUl3XDXtBMSY+aC1UqQqdaST6fdR3uospzuIkdP9lmL/wAXskhvP2QaN78KpXrtHJWV/wCoN8+Yexz1HaYT6tUlsh8duoPaCPVAbuWSJCz2rUTt3dRypKF+9o/mA6HBxznj7hQ1NSa9pBET3HH9kAJmZ+a9j8F//To/9jfyXkTmQT81654NxaUh2YPyQHklzcluQdSTJS3oHpJm9Legr/FS+KgZ1Ed006kO6A98VL4qAf6mO6X+pjugP/FVS9uQW7epQ1moAkAHlWWtJGUAq/B3R0Vd5jtt9In7ovcW85Wa1ek9vmYxzyOGmAz3cgvftbXeUQT32SfnyFQ1HTWRLnOG7+EMf/hRDSLh9Fz313h0TsZDGgSJiMuO2eqqt0Z/xGxUe2mGDIqVHPLxyeYI9IQUm6HQefK94M8bS0fIEcorpmlvpOEPJb1mDtBSrWDmhpDzUlo3BzYe0+jgAD8x80d0qh5ZnHVpBkdOqAnY2QaWumSOPnzKqeJtob5j69uM8opbOgBBvFrdzDHTKDzfXdRqVXhgMngHqenTquW3hh0Avdlx/CDLvkOqm8P2O+vuJgMlxxMnoFshXccUqbpIIL3CQI7Dk/ZAEsvDDG8l8/8AaPpIKvXNgxjYh+By4GfmY4Su9N/ebi+rVHwxhznMbvl8ghsbcbY/NUrbSakMmo9jySX7XPcyIMja8nrEZKCpfFpGHNx/KTk+plA69TP1z/hP1llVjtrw1+fK8YPzA4VnT9O3t3ZcYHYD6ygZbv3D6rY6Z42pUbdjCCXtAaWgdRhZVtk5hzj0GUIvxtc4DmUHtmla4y4YHsxPQ8hXf2od15R4M1Isa5ritM7WPVBsP2od1z9rHdY06x6ph1lBtP2sd0v2sd1jBq66NVKDOu1N6YdReoGNTwxA8ai9Si+eoRRKmbRQFPD9Zz6oB4AJW5DcLIeGLfzk+y2NV4iECCirUQ4Qn08qZoQDDa9DI9uFG61c7HnP2+6NtauyUAJmmkenzkq1RpuEz/ur7mKN4QRtKE67U8h+aKBwygutmW7f1wgyGiEsrnaYkEe8ZW6tm7oPcfqfXlYSgC1/ZzTI9QtzpVUOaI6/ZBauKWPw/TlAbqj/AEuxjkrUuaqlZk5x9EGGudNc94c4COg/uUVoaa1gBaI7+vqAir6GZhKoMeqDPXzAsbqQ/eFbi/CwusP/AHrkE+lCHx3R/YUI8OUi9/yWvGnO7IBHw05tJGGaY5St0ooAzGKdtNFm6YpBp8IMpTZhT06QXWUiFKGlAjTCmpUZUQBlErFuUBPRLXaZ7ord25jcOhUFsIAKJuMt+SCtQcFOCqFB/wCau03SglBXA5IJxagaVUrHEAq0+pAVQGJJ7oK5Y4cFUr5pjIKOsqtjPKH6pcMDCTAwg8/1ZgB3DEIr4S1Te4sJ83I9R/lDNUuGvOOAUCs7g0rgOaeCCP8ACD2akcLlRv3Stnh7GvHDmh31AKe9ANr4Q+4qIndO5Wfu38n3QC9Rr4OYjKxl1L6rj0labU6oDZ9ystTdJLu5KDZ+BLQGscYAC9H/AGVvZZD/AOPKHkLz1P5Lal6CMUB2TXUwpC8KJ1QII3UwmGknPrhN+KEGNhcKuPoQqz8IIXuVqxrwVVJC61BrbWsCFabeBuHfVZShckdVaF+e6AhZXYe94HR0/IorTfhY+xuNtyez2/kVqKL84lAQYU2o/C40prz3QKm2cnhB9fNRrHfCmehAmPkiprcxw39ZVC/uDGJgmBHUnrIHCAfbPrMoNdUh74k7RtPoImJ+iyuv39y9sCk5voen3WsYx7GF7sAAnB/EZ6CT0PflU7iiarHOmCJhvtyUGE0V74qG4cBsgAcOk9AOqVhptWu/c1jgCeSCAAO8opb09j94I3ExB6/OfTt9FoLbURI4z16dMINRpbNlNjJna0D6BT1CgVPUodnvHP8AlExdBzZBHyQVLypiO6y2oXJAj3RzUasCZ/4WPva258kyAcFAM1a4MbZyf74VzS/DziG7zAQlz/iVmZwXBb/ZACApYVmUWBjOindqaDNU7GAoLr9TKrP1BxThbgp7LUIIqdw4q0yr6rrbcJ3wAgr3rVn7upCP39QALI6ncZwg6LlTNrIK2qVMyugMCqumt6oY2su/GQEKVX96wytha1hAM/Reeir52meHBbeg7ytIzwf+EB0vwMqk+6nBBiHEEen6+y4a2IHzJBx7IddPiXebaeYmDMAyPqgtU6hDzAkRyXA56c/n6Lhd5eg3ESI6NMGfXIQ+xu2PLnuIHHyAJPPWVO7Vqf4WtLyCPwg9O8IHX2/ZADvNiRkGC44Ed/Xsn0mDYWiZbIBMznif5uv3T26yCA19OG9u31TbnXabJDG7nnMATn1QAhaySCACJbgQf4YO72J9Y4UFzRLGNgGZjaD9JnB6jupbvVHzJoH349+eqgdftf8AjDgRwIJHzjn/AJQNfWJIL+O/IMevT/b0V9t4WEEEQfXBwM8IRTc4nytdtaSeCBmSBBHqfRX7ai4ECZMTnPTBCCTVLmWE+k/bosZUr75jlHfEFXaHA9u/VALVvlJJxhBzTWTXYOx/JbirXhYzRHj4xd0aD90Uub6ThAbZcZV6hVWSpXhCIW+ooNUx6sMes/R1Ad1P/qIHVAb+IuGogh1MJv8AqSAdfX5KDVMnKtVCoXBBBtXdil2pbUEYC4QpIShBE9q2ehXe+m0E8LIhhPARfSmvpkOOGnme6DV2j5ceccdAR3CjvaPxHEDrE5mB0Ee6qPqEEOGTjgxH6ypKNwdw5ED07iMf7IDNtahjQIHqY/PumOtWHIx7J1K6DuIgYn7p7mAz9j790DHtpsHmd+X1VSpcUeJOTjhDtas6jwdpBPuASOo7jhZ9lnWd5XHMQ4ZAwcz7xH0Qae6oMcNwdIz17coXc0WtAIHX9CVBZ6fX6kwTnvEnPqDCt3NqWyCYzIn+yCKg/ODGDJ4V5tZuCcmI3QJEdD9EGrVQ2OeuQfqoKl35SATgHAxmMmTzKAJ4krkvPPb05VBz9rMclSO87t2YkjPWTJTGML37W8Dn2QTabbkN3Hl2VYc1WgyBCaWIK4ClakWrrQgsMcpWvVZqe0oLIK6oQ9d3oGuao9qIVKSh+AUFYNXdittt8SeFJa0A8kDogHinKvWem7su4VutZ7NoPJKtX7C2mCMQRPsgfYae0viOETr2jXAtjCg0WqN3uAizGeYoM1VaRLHGIyD6Dgj1XWGCA2e/PMdDKOXlkHiDyOD1Hss9c0X0j58jo6Pz7ICWn3O120kdeJJLuS39dkbpVQ7nGPYwehGVnLNzI3mJEZG44ODg9YlFrOqBLpHEDIyDHB/XRBeq0hG6D1OM8jPPyVU2zQD5cjgwQJIGMTGff+ynFVu3zZAzHAJJGInuutaxp9+M5wcwgq7wSTLcwRB6DM+xQvUrodRg8GR9PTj7K5evBG4ESJGRiCRz2wOyzWpPncCZkj3E4b1kiQgGX91ufjzEcj0784KFvqbQ7cYn1PKnu3hhMjbMg8FruuW/M59ECuq3rMn7j80E/wAUNaSDOeOqq22oFjj6qNo6lVLg+ZBoaGsg8orb3DXjBWJpkzHdHdKtHz2CDQtpyn/sxVq0tRAkoiKLQEAM0T2Tm0kYZSDwY6KxZWrX46jogC07UlW2aYey0DbFrMlQ1bmPwwAgGuLOrgufCBEtEhed1tRef4irdhr1WmcOkdig9EFBj6L28Og/JYnRNT+BWNN/G6JR2z1ZtRhczDoy1YLVn/vSUHp9y7e9hGQr2qMmg8dYXnGh6++m9oeZbIGei9MrPD6W5uQWz9kAHRbzysfPB2lbFjsg9xK800R5mvT6hxcPzW30S8+LSaQfM3H0QHSyVXr2weCHCQehVii/cAU8tQZa50Z1N26mSWnlpOQOu0/XCjZqQYC134oPlIDSIA9M4Ez+a1VRkhC7uxa+Q5oPuEAb/WGhpBeGnBDXGT0PmI68CPdOGptLRDsBp5OYjEZ/U+qrX3hljjubDT6IFc+GiMBxHyGUBu+1FhYTvwMwI8wP4W/bjtKB32pMfuBcDwexMcgSDn5dFQr6I4Y3O/JU6+jbeTPogpapqJeYbx0xEdCD/lR2umvfkNPujuk6FvdJGB0WrdbhjYAjCDzu5tHM/Ep9L0B1d0TCJ39Le+PVaPw3bbXEoKFn4SZTO5xkhS6VTDnvEYBIRvU6kAqh4bpDY53UlAy6BpuHYqyHy2VFquTCYam2n8kE+k1Ze4dFfqUC072FBtEJ2l/coma5hAx9d5MuMqHJXXFSg7Wg90GM13T206rmERkwgFWntK1/iJ4r0aFx1qU2l2f42iHiPeVk6hxlBb0a6LXjPOFX1ZsvJ9VFphmoB6hWr0ST7lANBXpngbUvi0TScfMzHuF5o9kIz4U1H4FwxxPlcdrvY8ICuvE2t02qB5Thw7gova337NVa8GaFaCD0a4q140034lPcBPULPeHXi4tqlq/8bJczvHog9Ot6wEOH4T+pRJuRIXnngjWS5ptqh87MCeoC2dtc7DtP4Tx6ILzkwtlTOb1UaCpXoAqhVtGnqi1QKpUYUACvpzSfMSVSr2jeA1aF1MlMpWEmSgrabYhrZhUtWfEgLQ1WBrVl7ob3kBAO0+y3EuK0FlR2BNtqQY1MfX6IBmt3Odo5OFa0pmxgb9UKJ31jPRGmVGMG5xACCrfNMkoXql0G0DPJwFX1bxI2SGCfVZO/v3vME47IN3ody3Y1syYlFmiVgNB1AUiS7qEXufFXRjUGogA5MITret0mQNwOYx7FZSvq9R7iS4ofWdjPdBvtWsRTs2tYdzG1HlhBkbHkPEHtLisLU5I7fktla03NsazCfKysCw8gMexjhHSMn2lY+6EOlB3QqW6sR2BcfYAqW4Mk+590e8A6J+0OunbgNlNgbPVzy7B7CGH6hAb1pa97HCHBxBB5BQVnslRbYU8KRtEuEgIPUPDV0Lq1AP4mjY73Cwl+x9jeNqAeWc+rTyifgbVBbvcx/wCB8Z7FaLx3o4rUDUZktG4R2QZTxFT+DWZdUj5Xw6RxnkLc6dftuGBwPmjIWG8N1BdWz7R/42AuZPMdvkl4Y1H4b/hPJa5jon06T6IPTNN1CD8N/wAifyRKsIys5c097ZH4hmR19QnaZ4gE/Cq/i4B7oC76ijc+Qhmr6i1n8SD/APVTBhBq6TJVxjAAsOPFWcBRXPi18QEGl1u5DWnIQqwLGtL3OElYjUtWe85cVRr6i8CNxQbu81mm2SXDCBWevse97iYaMD1WKua7ndSSUqQhqA9W1ra5xZySqNzqT6n4nGOyGjKmag44qq0SVaq8FQ0moJkmpLrQg41cqjHzTxyuuag3Nl/+c8/1D7NYFj7z8Xy/skkg0fha4dSoOqU3FrjXYwkdWkZaRxCI3Wn0qjyX02uOckZ5PVJJBlbai0V6lOPKJgHMY7nKs0cB/ukkgZUYB0Xo3hJ5qWkPO6JGe3ZJJB5vpvk1FgZ5f3hGOxnCn8RsDb8wIkmfVcSQH9KvanwPxHDoHoOyA6tcO+J+IpJIIXXLnDzOJ91UHKSSC7bp1RdSQUKvKG3JyUkkECk/hCSSDjOVKUkkCrfhKbRSSQPXQkkg6E4LiSD/2Q==','$2y$10$5K4n5rLZYmAVA35VljDD2.nyn7V68Uc21XvQnq7LIRB/L/1jiD8d.','88','colaborador'),(11,'Thoriño','dios del Trueno','admin.thor@localhost.es',_binary '/9j/4AAQSkZJRgABAQAAAQABAAD/2wCEAAoHCBYVFRgVFRUYGRgZGRgYHBkZGBgYGBgYGBgZGhgYGBgcIS4lHB4rIRoYJjgmKy8xNTU1GiQ7QDs0Py40NTEBDAwMBgYGEAYGEDEdFh0xMTExMTExMTExMTExMTExMTExMTExMTExMTExMTExMTExMTExMTExMTExMTExMTExMf/AABEIAOMA3gMBIgACEQEDEQH/xAAbAAABBQEBAAAAAAAAAAAAAAAFAAIDBAYBB//EADsQAAEDAwMCBAQDBwMEAwAAAAEAAhEDBCEFEjFBUQYiYXETgZGhMrHwFCNCUmLB0RXh8RZykrIHNDX/xAAUAQEAAAAAAAAAAAAAAAAAAAAA/8QAFBEBAAAAAAAAAAAAAAAAAAAAAP/aAAwDAQACEQMRAD8A9MhKE6EoQchKF2EoQcAToSAToQRvCqXN4GENGXHoOg7lc1PUAzyNy93A7epQ23pxJOScknqUD3S4ycqQMT2NUgCCMM9FI1qUJwaga9ijfTU8LkoBtWn6KuaaJVqc5Cg+GgF1aMKpXpjoi1RkKlcsQDKdZ9N29ji14/8AE+jh1Wx0HW23A2uG2o0eZvf+pvcLHVmSqT3uY5r2OIezLT/Y+hQeqQnQh+gai25pNqDnhw/lcOQikIGQlCfCUIGQuwnQuwgZCUJ8JQgjhKE6EoQNhKE6EoQcASe4NBJ4AJ+idCHa7U20Xf1Q36oANvL3vqu5ecejRwESpsVS0p4ARENQda1SBqTU4IGFie1q6UhlBzauPYpAuPCCq5iYWwrDwoXuQUK5yqr2ThXKsFV6xPQfVAPr26CXeCtLcsxhZq/bygn8Iav+z3OxxinVIaR0D/4Xf2Xqi8JvDBBHIgj3BkL23TK2+kx/8zGn6hBZhKF2EoQchKE6EoQNhKE6EoQMhKF1JByF2EkkChAvFNSGMHd6OoH4mpbvhns+fsgr2vdXmqlSEQrwOEClOBXITtqBFyQcu7FwtQOC4UmBIBBxxwqlY91c2qtcCAgoPKrh0kq45nlVL4fVA2os5qpyUeq1ICy+s1fNjqgD6g7K9h8Gv3WVA/0NH0XjNaS31C9i8DCLGiP6EB+El1JBxJdSQJJJJBHKUpsrsoOylK5KUoOyhuuDyNPZwRGVQ1hss+YQC2nhXGOlUt4bJP6KgfqJgw0/r35QGWuT9yy7rp+TJEfwjP1hQHXGsy52c4Jg4/pQbAuwuFyy1h4vpPJBcJHui9pqTKgBB7/8oL++HtA6z9hK7uh0d1RbW3VmAf1f+pUl3XDXtBMSY+aC1UqQqdaST6fdR3uospzuIkdP9lmL/wAXskhvP2QaN78KpXrtHJWV/wCoN8+Yexz1HaYT6tUlsh8duoPaCPVAbuWSJCz2rUTt3dRypKF+9o/mA6HBxznj7hQ1NSa9pBET3HH9kAJmZ+a9j8F//To/9jfyXkTmQT81654NxaUh2YPyQHklzcluQdSTJS3oHpJm9Legr/FS+KgZ1Ed006kO6A98VL4qAf6mO6X+pjugP/FVS9uQW7epQ1moAkAHlWWtJGUAq/B3R0Vd5jtt9In7ovcW85Wa1ek9vmYxzyOGmAz3cgvftbXeUQT32SfnyFQ1HTWRLnOG7+EMf/hRDSLh9Fz313h0TsZDGgSJiMuO2eqqt0Z/xGxUe2mGDIqVHPLxyeYI9IQUm6HQefK94M8bS0fIEcorpmlvpOEPJb1mDtBSrWDmhpDzUlo3BzYe0+jgAD8x80d0qh5ZnHVpBkdOqAnY2QaWumSOPnzKqeJtob5j69uM8opbOgBBvFrdzDHTKDzfXdRqVXhgMngHqenTquW3hh0Avdlx/CDLvkOqm8P2O+vuJgMlxxMnoFshXccUqbpIIL3CQI7Dk/ZAEsvDDG8l8/8AaPpIKvXNgxjYh+By4GfmY4Su9N/ebi+rVHwxhznMbvl8ghsbcbY/NUrbSakMmo9jySX7XPcyIMja8nrEZKCpfFpGHNx/KTk+plA69TP1z/hP1llVjtrw1+fK8YPzA4VnT9O3t3ZcYHYD6ygZbv3D6rY6Z42pUbdjCCXtAaWgdRhZVtk5hzj0GUIvxtc4DmUHtmla4y4YHsxPQ8hXf2od15R4M1Isa5ritM7WPVBsP2od1z9rHdY06x6ph1lBtP2sd0v2sd1jBq66NVKDOu1N6YdReoGNTwxA8ai9Si+eoRRKmbRQFPD9Zz6oB4AJW5DcLIeGLfzk+y2NV4iECCirUQ4Qn08qZoQDDa9DI9uFG61c7HnP2+6NtauyUAJmmkenzkq1RpuEz/ur7mKN4QRtKE67U8h+aKBwygutmW7f1wgyGiEsrnaYkEe8ZW6tm7oPcfqfXlYSgC1/ZzTI9QtzpVUOaI6/ZBauKWPw/TlAbqj/AEuxjkrUuaqlZk5x9EGGudNc94c4COg/uUVoaa1gBaI7+vqAir6GZhKoMeqDPXzAsbqQ/eFbi/CwusP/AHrkE+lCHx3R/YUI8OUi9/yWvGnO7IBHw05tJGGaY5St0ooAzGKdtNFm6YpBp8IMpTZhT06QXWUiFKGlAjTCmpUZUQBlErFuUBPRLXaZ7ord25jcOhUFsIAKJuMt+SCtQcFOCqFB/wCau03SglBXA5IJxagaVUrHEAq0+pAVQGJJ7oK5Y4cFUr5pjIKOsqtjPKH6pcMDCTAwg8/1ZgB3DEIr4S1Te4sJ83I9R/lDNUuGvOOAUCs7g0rgOaeCCP8ACD2akcLlRv3Stnh7GvHDmh31AKe9ANr4Q+4qIndO5Wfu38n3QC9Rr4OYjKxl1L6rj0labU6oDZ9ystTdJLu5KDZ+BLQGscYAC9H/AGVvZZD/AOPKHkLz1P5Lal6CMUB2TXUwpC8KJ1QII3UwmGknPrhN+KEGNhcKuPoQqz8IIXuVqxrwVVJC61BrbWsCFabeBuHfVZShckdVaF+e6AhZXYe94HR0/IorTfhY+xuNtyez2/kVqKL84lAQYU2o/C40prz3QKm2cnhB9fNRrHfCmehAmPkiprcxw39ZVC/uDGJgmBHUnrIHCAfbPrMoNdUh74k7RtPoImJ+iyuv39y9sCk5voen3WsYx7GF7sAAnB/EZ6CT0PflU7iiarHOmCJhvtyUGE0V74qG4cBsgAcOk9AOqVhptWu/c1jgCeSCAAO8opb09j94I3ExB6/OfTt9FoLbURI4z16dMINRpbNlNjJna0D6BT1CgVPUodnvHP8AlExdBzZBHyQVLypiO6y2oXJAj3RzUasCZ/4WPva258kyAcFAM1a4MbZyf74VzS/DziG7zAQlz/iVmZwXBb/ZACApYVmUWBjOindqaDNU7GAoLr9TKrP1BxThbgp7LUIIqdw4q0yr6rrbcJ3wAgr3rVn7upCP39QALI6ncZwg6LlTNrIK2qVMyugMCqumt6oY2su/GQEKVX96wytha1hAM/Reeir52meHBbeg7ytIzwf+EB0vwMqk+6nBBiHEEen6+y4a2IHzJBx7IddPiXebaeYmDMAyPqgtU6hDzAkRyXA56c/n6Lhd5eg3ESI6NMGfXIQ+xu2PLnuIHHyAJPPWVO7Vqf4WtLyCPwg9O8IHX2/ZADvNiRkGC44Ed/Xsn0mDYWiZbIBMznif5uv3T26yCA19OG9u31TbnXabJDG7nnMATn1QAhaySCACJbgQf4YO72J9Y4UFzRLGNgGZjaD9JnB6jupbvVHzJoH349+eqgdftf8AjDgRwIJHzjn/AJQNfWJIL+O/IMevT/b0V9t4WEEEQfXBwM8IRTc4nytdtaSeCBmSBBHqfRX7ai4ECZMTnPTBCCTVLmWE+k/bosZUr75jlHfEFXaHA9u/VALVvlJJxhBzTWTXYOx/JbirXhYzRHj4xd0aD90Uub6ThAbZcZV6hVWSpXhCIW+ooNUx6sMes/R1Ad1P/qIHVAb+IuGogh1MJv8AqSAdfX5KDVMnKtVCoXBBBtXdil2pbUEYC4QpIShBE9q2ehXe+m0E8LIhhPARfSmvpkOOGnme6DV2j5ceccdAR3CjvaPxHEDrE5mB0Ee6qPqEEOGTjgxH6ypKNwdw5ED07iMf7IDNtahjQIHqY/PumOtWHIx7J1K6DuIgYn7p7mAz9j790DHtpsHmd+X1VSpcUeJOTjhDtas6jwdpBPuASOo7jhZ9lnWd5XHMQ4ZAwcz7xH0Qae6oMcNwdIz17coXc0WtAIHX9CVBZ6fX6kwTnvEnPqDCt3NqWyCYzIn+yCKg/ODGDJ4V5tZuCcmI3QJEdD9EGrVQ2OeuQfqoKl35SATgHAxmMmTzKAJ4krkvPPb05VBz9rMclSO87t2YkjPWTJTGML37W8Dn2QTabbkN3Hl2VYc1WgyBCaWIK4ClakWrrQgsMcpWvVZqe0oLIK6oQ9d3oGuao9qIVKSh+AUFYNXdittt8SeFJa0A8kDogHinKvWem7su4VutZ7NoPJKtX7C2mCMQRPsgfYae0viOETr2jXAtjCg0WqN3uAizGeYoM1VaRLHGIyD6Dgj1XWGCA2e/PMdDKOXlkHiDyOD1Hss9c0X0j58jo6Pz7ICWn3O120kdeJJLuS39dkbpVQ7nGPYwehGVnLNzI3mJEZG44ODg9YlFrOqBLpHEDIyDHB/XRBeq0hG6D1OM8jPPyVU2zQD5cjgwQJIGMTGff+ynFVu3zZAzHAJJGInuutaxp9+M5wcwgq7wSTLcwRB6DM+xQvUrodRg8GR9PTj7K5evBG4ESJGRiCRz2wOyzWpPncCZkj3E4b1kiQgGX91ufjzEcj0784KFvqbQ7cYn1PKnu3hhMjbMg8FruuW/M59ECuq3rMn7j80E/wAUNaSDOeOqq22oFjj6qNo6lVLg+ZBoaGsg8orb3DXjBWJpkzHdHdKtHz2CDQtpyn/sxVq0tRAkoiKLQEAM0T2Tm0kYZSDwY6KxZWrX46jogC07UlW2aYey0DbFrMlQ1bmPwwAgGuLOrgufCBEtEhed1tRef4irdhr1WmcOkdig9EFBj6L28Og/JYnRNT+BWNN/G6JR2z1ZtRhczDoy1YLVn/vSUHp9y7e9hGQr2qMmg8dYXnGh6++m9oeZbIGei9MrPD6W5uQWz9kAHRbzysfPB2lbFjsg9xK800R5mvT6hxcPzW30S8+LSaQfM3H0QHSyVXr2weCHCQehVii/cAU8tQZa50Z1N26mSWnlpOQOu0/XCjZqQYC134oPlIDSIA9M4Ez+a1VRkhC7uxa+Q5oPuEAb/WGhpBeGnBDXGT0PmI68CPdOGptLRDsBp5OYjEZ/U+qrX3hljjubDT6IFc+GiMBxHyGUBu+1FhYTvwMwI8wP4W/bjtKB32pMfuBcDwexMcgSDn5dFQr6I4Y3O/JU6+jbeTPogpapqJeYbx0xEdCD/lR2umvfkNPujuk6FvdJGB0WrdbhjYAjCDzu5tHM/Ep9L0B1d0TCJ39Le+PVaPw3bbXEoKFn4SZTO5xkhS6VTDnvEYBIRvU6kAqh4bpDY53UlAy6BpuHYqyHy2VFquTCYam2n8kE+k1Ze4dFfqUC072FBtEJ2l/coma5hAx9d5MuMqHJXXFSg7Wg90GM13T206rmERkwgFWntK1/iJ4r0aFx1qU2l2f42iHiPeVk6hxlBb0a6LXjPOFX1ZsvJ9VFphmoB6hWr0ST7lANBXpngbUvi0TScfMzHuF5o9kIz4U1H4FwxxPlcdrvY8ICuvE2t02qB5Thw7gova337NVa8GaFaCD0a4q140034lPcBPULPeHXi4tqlq/8bJczvHog9Ot6wEOH4T+pRJuRIXnngjWS5ptqh87MCeoC2dtc7DtP4Tx6ILzkwtlTOb1UaCpXoAqhVtGnqi1QKpUYUACvpzSfMSVSr2jeA1aF1MlMpWEmSgrabYhrZhUtWfEgLQ1WBrVl7ob3kBAO0+y3EuK0FlR2BNtqQY1MfX6IBmt3Odo5OFa0pmxgb9UKJ31jPRGmVGMG5xACCrfNMkoXql0G0DPJwFX1bxI2SGCfVZO/v3vME47IN3ody3Y1syYlFmiVgNB1AUiS7qEXufFXRjUGogA5MITret0mQNwOYx7FZSvq9R7iS4ofWdjPdBvtWsRTs2tYdzG1HlhBkbHkPEHtLisLU5I7fktla03NsazCfKysCw8gMexjhHSMn2lY+6EOlB3QqW6sR2BcfYAqW4Mk+590e8A6J+0OunbgNlNgbPVzy7B7CGH6hAb1pa97HCHBxBB5BQVnslRbYU8KRtEuEgIPUPDV0Lq1AP4mjY73Cwl+x9jeNqAeWc+rTyifgbVBbvcx/wCB8Z7FaLx3o4rUDUZktG4R2QZTxFT+DWZdUj5Xw6RxnkLc6dftuGBwPmjIWG8N1BdWz7R/42AuZPMdvkl4Y1H4b/hPJa5jon06T6IPTNN1CD8N/wAifyRKsIys5c097ZH4hmR19QnaZ4gE/Cq/i4B7oC76ijc+Qhmr6i1n8SD/APVTBhBq6TJVxjAAsOPFWcBRXPi18QEGl1u5DWnIQqwLGtL3OElYjUtWe85cVRr6i8CNxQbu81mm2SXDCBWevse97iYaMD1WKua7ndSSUqQhqA9W1ra5xZySqNzqT6n4nGOyGjKmag44qq0SVaq8FQ0moJkmpLrQg41cqjHzTxyuuag3Nl/+c8/1D7NYFj7z8Xy/skkg0fha4dSoOqU3FrjXYwkdWkZaRxCI3Wn0qjyX02uOckZ5PVJJBlbai0V6lOPKJgHMY7nKs0cB/ukkgZUYB0Xo3hJ5qWkPO6JGe3ZJJB5vpvk1FgZ5f3hGOxnCn8RsDb8wIkmfVcSQH9KvanwPxHDoHoOyA6tcO+J+IpJIIXXLnDzOJ91UHKSSC7bp1RdSQUKvKG3JyUkkECk/hCSSDjOVKUkkCrfhKbRSSQPXQkkg6E4LiSD/2Q==','$2y$10$WxgEBamjteayn2ftg/21c.1/28nOmYSbrTwTrLYwgLsifoFjPLlXm','thor','colaborador');
/*!40000 ALTER TABLE `usuarios` ENABLE KEYS */;
UNLOCK TABLES;

--
-- Table structure for table `valoraciones`
--

DROP TABLE IF EXISTS `valoraciones`;
/*!40101 SET @saved_cs_client     = @@character_set_client */;
/*!50503 SET character_set_client = utf8mb4 */;
CREATE TABLE `valoraciones` (
  `id_valoracion` int NOT NULL AUTO_INCREMENT,
  `id_incidencia` int DEFAULT NULL,
  `id_usuario` int DEFAULT NULL,
  `puntuacion` int DEFAULT NULL,
  PRIMARY KEY (`id_valoracion`),
  KEY `id_incidencia` (`id_incidencia`),
  KEY `id_usuario` (`id_usuario`),
  CONSTRAINT `valoraciones_ibfk_1` FOREIGN KEY (`id_incidencia`) REFERENCES `incidencias` (`id_incidencia`),
  CONSTRAINT `valoraciones_ibfk_2` FOREIGN KEY (`id_usuario`) REFERENCES `usuarios` (`id`)
) ENGINE=InnoDB DEFAULT CHARSET=utf8mb4 COLLATE=utf8mb4_0900_ai_ci;
/*!40101 SET character_set_client = @saved_cs_client */;

--
-- Dumping data for table `valoraciones`
--

LOCK TABLES `valoraciones` WRITE;
/*!40000 ALTER TABLE `valoraciones` DISABLE KEYS */;
/*!40000 ALTER TABLE `valoraciones` ENABLE KEYS */;
UNLOCK TABLES;
/*!40103 SET TIME_ZONE=@OLD_TIME_ZONE */;

/*!40101 SET SQL_MODE=@OLD_SQL_MODE */;
/*!40014 SET FOREIGN_KEY_CHECKS=@OLD_FOREIGN_KEY_CHECKS */;
/*!40014 SET UNIQUE_CHECKS=@OLD_UNIQUE_CHECKS */;
/*!40101 SET CHARACTER_SET_CLIENT=@OLD_CHARACTER_SET_CLIENT */;
/*!40101 SET CHARACTER_SET_RESULTS=@OLD_CHARACTER_SET_RESULTS */;
/*!40101 SET COLLATION_CONNECTION=@OLD_COLLATION_CONNECTION */;
/*!40111 SET SQL_NOTES=@OLD_SQL_NOTES */;

-- Dump completed on 2023-06-26 23:06:00
